Datum;Zeit;Artnr;Preis;Name
27.01.2022;15:11:23;70435;349;2TB MSI Spatium M480 M.2 2280 PCIe 4.0 x4 3D NAND (S78-440Q150-P83)
27.01.2022;18:15:03;70435;349;2TB MSI Spatium M480 M.2 2280 PCIe 4.0 x4 3D NAND (S78-440Q150-P83)
28.01.2022;10:15:04;70435;349;2TB MSI Spatium M480 M.2 2280 PCIe 4.0 x4 3D NAND (S78-440Q150-P83)
28.01.2022;18:15:04;70435;349;2TB MSI Spatium M480 M.2 2280 PCIe 4.0 x4 3D NAND (S78-440Q150-P83)
29.01.2022;10:15:02;70435;349;2TB MSI Spatium M480 M.2 2280 PCIe 4.0 x4 3D NAND (S78-440Q150-P83)
29.01.2022;20:15:03;70435;349;2TB MSI Spatium M480 M.2 2280 PCIe 4.0 x4 3D NAND (S78-440Q150-P83)
30.01.2022;08:15:03;70435;349;2TB MSI Spatium M480 M.2 2280 PCIe 4.0 x4 3D NAND (S78-440Q150-P83)
30.01.2022;20:15:02;70435;349;2TB MSI Spatium M480 M.2 2280 PCIe 4.0 x4 3D NAND (S78-440Q150-P83)
31.01.2022;08:15:03;70435;349;2TB MSI Spatium M480 M.2 2280 PCIe 4.0 x4 3D NAND (S78-440Q150-P83)
31.01.2022;20:15:04;70435;349;2TB MSI Spatium M480 M.2 2280 PCIe 4.0 x4 3D NAND (S78-440Q150-P83)
01.02.2022;08:15:02;70435;349;2TB MSI Spatium M480 M.2 2280 PCIe 4.0 x4 3D NAND (S78-440Q150-P83)
01.02.2022;20:15:04;70435;349;2TB MSI Spatium M480 M.2 2280 PCIe 4.0 x4 3D NAND (S78-440Q150-P83)
02.02.2022;08:15:04;70435;349;2TB MSI Spatium M480 M.2 2280 PCIe 4.0 x4 3D NAND (S78-440Q150-P83)
03.02.2022;08:15:03;70435;349;2TB MSI Spatium M480 M.2 2280 PCIe 4.0 x4 3D NAND (S78-440Q150-P83)
03.02.2022;12:15:04;70435;349;2TB MSI Spatium M480 M.2 2280 PCIe 4.0 x4 3D NAND (S78-440Q150-P83)
03.02.2022;18:15:02;70435;349;2TB MSI Spatium M480 M.2 2280 PCIe 4.0 x4 3D NAND (S78-440Q150-P83)
27.01.2022;15:11:23;70971;203,87;2TB WD Blue M.2 2280 SATA 6Gb/s 3D-NAND TLC (WDS200T2B0B)
27.01.2022;18:15:03;70971;203,87;2TB WD Blue M.2 2280 SATA 6Gb/s 3D-NAND TLC (WDS200T2B0B)
28.01.2022;10:15:04;70971;203,87;2TB WD Blue M.2 2280 SATA 6Gb/s 3D-NAND TLC (WDS200T2B0B)
28.01.2022;18:15:04;70971;200,25;2TB WD Blue M.2 2280 SATA 6Gb/s 3D-NAND TLC (WDS200T2B0B)
29.01.2022;10:15:02;70971;200,25;2TB WD Blue M.2 2280 SATA 6Gb/s 3D-NAND TLC (WDS200T2B0B)
29.01.2022;20:15:03;70971;200,25;2TB WD Blue M.2 2280 SATA 6Gb/s 3D-NAND TLC (WDS200T2B0B)
30.01.2022;08:15:03;70971;200,25;2TB WD Blue M.2 2280 SATA 6Gb/s 3D-NAND TLC (WDS200T2B0B)
30.01.2022;20:15:02;70971;200,25;2TB WD Blue M.2 2280 SATA 6Gb/s 3D-NAND TLC (WDS200T2B0B)
31.01.2022;08:15:03;70971;200,25;2TB WD Blue M.2 2280 SATA 6Gb/s 3D-NAND TLC (WDS200T2B0B)
31.01.2022;20:15:04;70971;199,78;2TB WD Blue M.2 2280 SATA 6Gb/s 3D-NAND TLC (WDS200T2B0B)
01.02.2022;08:15:02;70971;199,78;2TB WD Blue M.2 2280 SATA 6Gb/s 3D-NAND TLC (WDS200T2B0B)
01.02.2022;20:15:04;70971;201,25;2TB WD Blue M.2 2280 SATA 6Gb/s 3D-NAND TLC (WDS200T2B0B)
02.02.2022;08:15:04;70971;218,65;2TB WD Blue M.2 2280 SATA 6Gb/s 3D-NAND TLC (WDS200T2B0B)
03.02.2022;08:15:03;70971;205,86;2TB WD Blue M.2 2280 SATA 6Gb/s 3D-NAND TLC (WDS200T2B0B)
03.02.2022;12:15:04;70971;205,86;2TB WD Blue M.2 2280 SATA 6Gb/s 3D-NAND TLC (WDS200T2B0B)
03.02.2022;18:15:02;70971;205,86;2TB WD Blue M.2 2280 SATA 6Gb/s 3D-NAND TLC (WDS200T2B0B)
27.01.2022;15:11:23;72943;214,82;2TB PNY XLR8 CS3030 M.2 2280 NVMe PCIe 3.0 x4 3D-NAND TLC (M280CS3030-2TB-RB)
27.01.2022;18:15:03;72943;214,82;2TB PNY XLR8 CS3030 M.2 2280 NVMe PCIe 3.0 x4 3D-NAND TLC (M280CS3030-2TB-RB)
28.01.2022;10:15:04;72943;214,82;2TB PNY XLR8 CS3030 M.2 2280 NVMe PCIe 3.0 x4 3D-NAND TLC (M280CS3030-2TB-RB)
28.01.2022;18:15:04;72943;214,82;2TB PNY XLR8 CS3030 M.2 2280 NVMe PCIe 3.0 x4 3D-NAND TLC (M280CS3030-2TB-RB)
29.01.2022;10:15:02;72943;214,82;2TB PNY XLR8 CS3030 M.2 2280 NVMe PCIe 3.0 x4 3D-NAND TLC (M280CS3030-2TB-RB)
29.01.2022;20:15:03;72943;214,82;2TB PNY XLR8 CS3030 M.2 2280 NVMe PCIe 3.0 x4 3D-NAND TLC (M280CS3030-2TB-RB)
30.01.2022;08:15:03;72943;214,82;2TB PNY XLR8 CS3030 M.2 2280 NVMe PCIe 3.0 x4 3D-NAND TLC (M280CS3030-2TB-RB)
30.01.2022;20:15:02;72943;214,82;2TB PNY XLR8 CS3030 M.2 2280 NVMe PCIe 3.0 x4 3D-NAND TLC (M280CS3030-2TB-RB)
31.01.2022;08:15:03;72943;214,82;2TB PNY XLR8 CS3030 M.2 2280 NVMe PCIe 3.0 x4 3D-NAND TLC (M280CS3030-2TB-RB)
31.01.2022;20:15:04;72943;214,82;2TB PNY XLR8 CS3030 M.2 2280 NVMe PCIe 3.0 x4 3D-NAND TLC (M280CS3030-2TB-RB)
01.02.2022;08:15:02;72943;214,82;2TB PNY XLR8 CS3030 M.2 2280 NVMe PCIe 3.0 x4 3D-NAND TLC (M280CS3030-2TB-RB)
01.02.2022;20:15:04;72943;214,82;2TB PNY XLR8 CS3030 M.2 2280 NVMe PCIe 3.0 x4 3D-NAND TLC (M280CS3030-2TB-RB)
02.02.2022;08:15:04;72943;214,82;2TB PNY XLR8 CS3030 M.2 2280 NVMe PCIe 3.0 x4 3D-NAND TLC (M280CS3030-2TB-RB)
03.02.2022;08:15:03;72943;214,82;2TB PNY XLR8 CS3030 M.2 2280 NVMe PCIe 3.0 x4 3D-NAND TLC (M280CS3030-2TB-RB)
03.02.2022;12:15:04;72943;214,82;2TB PNY XLR8 CS3030 M.2 2280 NVMe PCIe 3.0 x4 3D-NAND TLC (M280CS3030-2TB-RB)
03.02.2022;18:15:02;72943;214,82;2TB PNY XLR8 CS3030 M.2 2280 NVMe PCIe 3.0 x4 3D-NAND TLC (M280CS3030-2TB-RB)
27.01.2022;15:11:23;72956;276,86;2TB Seagate FireCuda 510 SSD M.2 2280 PCIe 3.0 x4 NVMe 1.3 3D-NAND TLC (ZP2000GM30021)
27.01.2022;18:15:03;72956;276,86;2TB Seagate FireCuda 510 SSD M.2 2280 PCIe 3.0 x4 NVMe 1.3 3D-NAND TLC (ZP2000GM30021)
28.01.2022;10:15:04;72956;279,87;2TB Seagate FireCuda 510 SSD M.2 2280 PCIe 3.0 x4 NVMe 1.3 3D-NAND TLC (ZP2000GM30021)
28.01.2022;18:15:04;72956;279,87;2TB Seagate FireCuda 510 SSD M.2 2280 PCIe 3.0 x4 NVMe 1.3 3D-NAND TLC (ZP2000GM30021)
29.01.2022;10:15:02;72956;279,87;2TB Seagate FireCuda 510 SSD M.2 2280 PCIe 3.0 x4 NVMe 1.3 3D-NAND TLC (ZP2000GM30021)
29.01.2022;20:15:03;72956;279,87;2TB Seagate FireCuda 510 SSD M.2 2280 PCIe 3.0 x4 NVMe 1.3 3D-NAND TLC (ZP2000GM30021)
30.01.2022;08:15:03;72956;415,18;2TB Seagate FireCuda 510 SSD M.2 2280 PCIe 3.0 x4 NVMe 1.3 3D-NAND TLC (ZP2000GM30021)
30.01.2022;20:15:02;72956;361,97;2TB Seagate FireCuda 510 SSD M.2 2280 PCIe 3.0 x4 NVMe 1.3 3D-NAND TLC (ZP2000GM30021)
31.01.2022;08:15:03;72956;361,97;2TB Seagate FireCuda 510 SSD M.2 2280 PCIe 3.0 x4 NVMe 1.3 3D-NAND TLC (ZP2000GM30021)
31.01.2022;20:15:04;72956;352,21;2TB Seagate FireCuda 510 SSD M.2 2280 PCIe 3.0 x4 NVMe 1.3 3D-NAND TLC (ZP2000GM30021)
01.02.2022;08:15:02;72956;270,73;2TB Seagate FireCuda 510 SSD M.2 2280 PCIe 3.0 x4 NVMe 1.3 3D-NAND TLC (ZP2000GM30021)
01.02.2022;20:15:04;72956;270,73;2TB Seagate FireCuda 510 SSD M.2 2280 PCIe 3.0 x4 NVMe 1.3 3D-NAND TLC (ZP2000GM30021)
02.02.2022;08:15:04;72956;270,73;2TB Seagate FireCuda 510 SSD M.2 2280 PCIe 3.0 x4 NVMe 1.3 3D-NAND TLC (ZP2000GM30021)
03.02.2022;08:15:03;72956;279,87;2TB Seagate FireCuda 510 SSD M.2 2280 PCIe 3.0 x4 NVMe 1.3 3D-NAND TLC (ZP2000GM30021)
03.02.2022;12:15:04;72956;279,87;2TB Seagate FireCuda 510 SSD M.2 2280 PCIe 3.0 x4 NVMe 1.3 3D-NAND TLC (ZP2000GM30021)
03.02.2022;18:15:02;72956;279,87;2TB Seagate FireCuda 510 SSD M.2 2280 PCIe 3.0 x4 NVMe 1.3 3D-NAND TLC (ZP2000GM30021)
27.01.2022;15:11:23;73073;199,59;2TB Patriot Viper VPN100 M.2 2280 PCIe 3.0 x4 NVMe 1.3 3D-NAND TLC (VPN100-2TBM28H)
27.01.2022;18:15:03;73073;199,56;2TB Patriot Viper VPN100 M.2 2280 PCIe 3.0 x4 NVMe 1.3 3D-NAND TLC (VPN100-2TBM28H)
28.01.2022;10:15:04;73073;199,44;2TB Patriot Viper VPN100 M.2 2280 PCIe 3.0 x4 NVMe 1.3 3D-NAND TLC (VPN100-2TBM28H)
28.01.2022;18:15:04;73073;199,35;2TB Patriot Viper VPN100 M.2 2280 PCIe 3.0 x4 NVMe 1.3 3D-NAND TLC (VPN100-2TBM28H)
29.01.2022;10:15:02;73073;199,21;2TB Patriot Viper VPN100 M.2 2280 PCIe 3.0 x4 NVMe 1.3 3D-NAND TLC (VPN100-2TBM28H)
29.01.2022;20:15:03;73073;199,12;2TB Patriot Viper VPN100 M.2 2280 PCIe 3.0 x4 NVMe 1.3 3D-NAND TLC (VPN100-2TBM28H)
30.01.2022;08:15:03;73073;199,09;2TB Patriot Viper VPN100 M.2 2280 PCIe 3.0 x4 NVMe 1.3 3D-NAND TLC (VPN100-2TBM28H)
30.01.2022;20:15:02;73073;198,97;2TB Patriot Viper VPN100 M.2 2280 PCIe 3.0 x4 NVMe 1.3 3D-NAND TLC (VPN100-2TBM28H)
31.01.2022;08:15:03;73073;198,87;2TB Patriot Viper VPN100 M.2 2280 PCIe 3.0 x4 NVMe 1.3 3D-NAND TLC (VPN100-2TBM28H)
31.01.2022;20:15:04;73073;315,1;2TB Patriot Viper VPN100 M.2 2280 PCIe 3.0 x4 NVMe 1.3 3D-NAND TLC (VPN100-2TBM28H)
01.02.2022;08:15:02;73073;315,06;2TB Patriot Viper VPN100 M.2 2280 PCIe 3.0 x4 NVMe 1.3 3D-NAND TLC (VPN100-2TBM28H)
01.02.2022;20:15:04;73073;324,01;2TB Patriot Viper VPN100 M.2 2280 PCIe 3.0 x4 NVMe 1.3 3D-NAND TLC (VPN100-2TBM28H)
02.02.2022;08:15:04;73073;324,01;2TB Patriot Viper VPN100 M.2 2280 PCIe 3.0 x4 NVMe 1.3 3D-NAND TLC (VPN100-2TBM28H)
03.02.2022;08:15:03;73073;315,06;2TB Patriot Viper VPN100 M.2 2280 PCIe 3.0 x4 NVMe 1.3 3D-NAND TLC (VPN100-2TBM28H)
03.02.2022;12:15:04;73073;315,06;2TB Patriot Viper VPN100 M.2 2280 PCIe 3.0 x4 NVMe 1.3 3D-NAND TLC (VPN100-2TBM28H)
03.02.2022;18:15:02;73073;315,1;2TB Patriot Viper VPN100 M.2 2280 PCIe 3.0 x4 NVMe 1.3 3D-NAND TLC (VPN100-2TBM28H)
27.01.2022;15:11:23;73504;194,38;2TB ADATA XPG SX8200 Pro M.2 PCIe 3.0 x4 3D-NAND TLC (ASX8200PNP-2TT-C)
27.01.2022;18:15:03;73504;194,38;2TB ADATA XPG SX8200 Pro M.2 PCIe 3.0 x4 3D-NAND TLC (ASX8200PNP-2TT-C)
28.01.2022;10:15:04;73504;194,38;2TB ADATA XPG SX8200 Pro M.2 PCIe 3.0 x4 3D-NAND TLC (ASX8200PNP-2TT-C)
28.01.2022;18:15:04;73504;194,38;2TB ADATA XPG SX8200 Pro M.2 PCIe 3.0 x4 3D-NAND TLC (ASX8200PNP-2TT-C)
29.01.2022;10:15:02;73504;200,46;2TB ADATA XPG SX8200 Pro M.2 PCIe 3.0 x4 3D-NAND TLC (ASX8200PNP-2TT-C)
29.01.2022;20:15:03;73504;200,46;2TB ADATA XPG SX8200 Pro M.2 PCIe 3.0 x4 3D-NAND TLC (ASX8200PNP-2TT-C)
30.01.2022;08:15:03;73504;200,46;2TB ADATA XPG SX8200 Pro M.2 PCIe 3.0 x4 3D-NAND TLC (ASX8200PNP-2TT-C)
30.01.2022;20:15:02;73504;200,46;2TB ADATA XPG SX8200 Pro M.2 PCIe 3.0 x4 3D-NAND TLC (ASX8200PNP-2TT-C)
31.01.2022;08:15:03;73504;200,5;2TB ADATA XPG SX8200 Pro M.2 PCIe 3.0 x4 3D-NAND TLC (ASX8200PNP-2TT-C)
31.01.2022;20:15:04;73504;200;2TB ADATA XPG SX8200 Pro M.2 PCIe 3.0 x4 3D-NAND TLC (ASX8200PNP-2TT-C)
01.02.2022;08:15:02;73504;200;2TB ADATA XPG SX8200 Pro M.2 PCIe 3.0 x4 3D-NAND TLC (ASX8200PNP-2TT-C)
01.02.2022;20:15:04;73504;201,46;2TB ADATA XPG SX8200 Pro M.2 PCIe 3.0 x4 3D-NAND TLC (ASX8200PNP-2TT-C)
02.02.2022;08:15:04;73504;201,46;2TB ADATA XPG SX8200 Pro M.2 PCIe 3.0 x4 3D-NAND TLC (ASX8200PNP-2TT-C)
03.02.2022;08:15:03;73504;191,08;2TB ADATA XPG SX8200 Pro M.2 PCIe 3.0 x4 3D-NAND TLC (ASX8200PNP-2TT-C)
03.02.2022;12:15:04;73504;191,08;2TB ADATA XPG SX8200 Pro M.2 PCIe 3.0 x4 3D-NAND TLC (ASX8200PNP-2TT-C)
03.02.2022;18:15:02;73504;200,69;2TB ADATA XPG SX8200 Pro M.2 PCIe 3.0 x4 3D-NAND TLC (ASX8200PNP-2TT-C)
27.01.2022;15:11:23;73530;314,84;2TB Patriot Viper VP4100 M.2 2280 PCIe 4.0 x4 3D-NAND TLC (VP4100-2TBM28H)
27.01.2022;18:15:03;73530;314,81;2TB Patriot Viper VP4100 M.2 2280 PCIe 4.0 x4 3D-NAND TLC (VP4100-2TBM28H)
28.01.2022;10:15:04;73530;314,72;2TB Patriot Viper VP4100 M.2 2280 PCIe 4.0 x4 3D-NAND TLC (VP4100-2TBM28H)
28.01.2022;18:15:04;73530;314,63;2TB Patriot Viper VP4100 M.2 2280 PCIe 4.0 x4 3D-NAND TLC (VP4100-2TBM28H)
29.01.2022;10:15:02;73530;314,54;2TB Patriot Viper VP4100 M.2 2280 PCIe 4.0 x4 3D-NAND TLC (VP4100-2TBM28H)
29.01.2022;20:15:03;73530;315,47;2TB Patriot Viper VP4100 M.2 2280 PCIe 4.0 x4 3D-NAND TLC (VP4100-2TBM28H)
30.01.2022;08:15:03;73530;315,44;2TB Patriot Viper VP4100 M.2 2280 PCIe 4.0 x4 3D-NAND TLC (VP4100-2TBM28H)
30.01.2022;20:15:02;73530;315,32;2TB Patriot Viper VP4100 M.2 2280 PCIe 4.0 x4 3D-NAND TLC (VP4100-2TBM28H)
31.01.2022;08:15:03;73530;315,26;2TB Patriot Viper VP4100 M.2 2280 PCIe 4.0 x4 3D-NAND TLC (VP4100-2TBM28H)
31.01.2022;20:15:04;73530;281,11;2TB Patriot Viper VP4100 M.2 2280 PCIe 4.0 x4 3D-NAND TLC (VP4100-2TBM28H)
01.02.2022;08:15:02;73530;344,29;2TB Patriot Viper VP4100 M.2 2280 PCIe 4.0 x4 3D-NAND TLC (VP4100-2TBM28H)
01.02.2022;20:15:04;73530;315,47;2TB Patriot Viper VP4100 M.2 2280 PCIe 4.0 x4 3D-NAND TLC (VP4100-2TBM28H)
02.02.2022;08:15:04;73530;315,47;2TB Patriot Viper VP4100 M.2 2280 PCIe 4.0 x4 3D-NAND TLC (VP4100-2TBM28H)
03.02.2022;08:15:03;73530;326,87;2TB Patriot Viper VP4100 M.2 2280 PCIe 4.0 x4 3D-NAND TLC (VP4100-2TBM28H)
03.02.2022;12:15:04;73530;326,87;2TB Patriot Viper VP4100 M.2 2280 PCIe 4.0 x4 3D-NAND TLC (VP4100-2TBM28H)
03.02.2022;18:15:02;73530;326,87;2TB Patriot Viper VP4100 M.2 2280 PCIe 4.0 x4 3D-NAND TLC (VP4100-2TBM28H)
27.01.2022;15:11:23;74627;309,76;2TB WD WD BLACK SN850 NVMe M.2 PCIe 4.0 x4 3D-NAND TLC (WDS200T1X0E)
27.01.2022;18:15:03;74627;309,76;2TB WD WD BLACK SN850 NVMe M.2 PCIe 4.0 x4 3D-NAND TLC (WDS200T1X0E)
28.01.2022;10:15:04;74627;309,76;2TB WD WD BLACK SN850 NVMe M.2 PCIe 4.0 x4 3D-NAND TLC (WDS200T1X0E)
28.01.2022;18:15:04;74627;309,76;2TB WD WD BLACK SN850 NVMe M.2 PCIe 4.0 x4 3D-NAND TLC (WDS200T1X0E)
29.01.2022;10:15:02;74627;309,76;2TB WD WD BLACK SN850 NVMe M.2 PCIe 4.0 x4 3D-NAND TLC (WDS200T1X0E)
29.01.2022;20:15:03;74627;309,76;2TB WD WD BLACK SN850 NVMe M.2 PCIe 4.0 x4 3D-NAND TLC (WDS200T1X0E)
30.01.2022;08:15:03;74627;304,81;2TB WD WD BLACK SN850 NVMe M.2 PCIe 4.0 x4 3D-NAND TLC (WDS200T1X0E)
30.01.2022;20:15:02;74627;304,81;2TB WD WD BLACK SN850 NVMe M.2 PCIe 4.0 x4 3D-NAND TLC (WDS200T1X0E)
31.01.2022;08:15:03;74627;304,96;2TB WD WD BLACK SN850 NVMe M.2 PCIe 4.0 x4 3D-NAND TLC (WDS200T1X0E)
31.01.2022;20:15:04;74627;463,99;2TB WD WD BLACK SN850 NVMe M.2 PCIe 4.0 x4 3D-NAND TLC (WDS200T1X0E)
01.02.2022;08:15:02;74627;463,99;2TB WD WD BLACK SN850 NVMe M.2 PCIe 4.0 x4 3D-NAND TLC (WDS200T1X0E)
01.02.2022;20:15:04;74627;463,99;2TB WD WD BLACK SN850 NVMe M.2 PCIe 4.0 x4 3D-NAND TLC (WDS200T1X0E)
02.02.2022;08:15:04;74627;463,99;2TB WD WD BLACK SN850 NVMe M.2 PCIe 4.0 x4 3D-NAND TLC (WDS200T1X0E)
03.02.2022;08:15:03;74627;306,41;2TB WD WD BLACK SN850 NVMe M.2 PCIe 4.0 x4 3D-NAND TLC (WDS200T1X0E)
03.02.2022;12:15:04;74627;306,41;2TB WD WD BLACK SN850 NVMe M.2 PCIe 4.0 x4 3D-NAND TLC (WDS200T1X0E)
03.02.2022;18:15:02;74627;306,41;2TB WD WD BLACK SN850 NVMe M.2 PCIe 4.0 x4 3D-NAND TLC (WDS200T1X0E)
27.01.2022;15:11:23;74795;265,87;2TB Samsung PM9A1 M.2 PCIe 4.0 x4 3D-NAND TLC (MZVL22T0HBLB-00B00)
27.01.2022;18:15:03;74795;265,87;2TB Samsung PM9A1 M.2 PCIe 4.0 x4 3D-NAND TLC (MZVL22T0HBLB-00B00)
28.01.2022;10:15:04;74795;263,82;2TB Samsung PM9A1 M.2 PCIe 4.0 x4 3D-NAND TLC (MZVL22T0HBLB-00B00)
28.01.2022;18:15:04;74795;265,87;2TB Samsung PM9A1 M.2 PCIe 4.0 x4 3D-NAND TLC (MZVL22T0HBLB-00B00)
29.01.2022;10:15:02;74795;263,82;2TB Samsung PM9A1 M.2 PCIe 4.0 x4 3D-NAND TLC (MZVL22T0HBLB-00B00)
29.01.2022;20:15:03;74795;265,87;2TB Samsung PM9A1 M.2 PCIe 4.0 x4 3D-NAND TLC (MZVL22T0HBLB-00B00)
30.01.2022;08:15:03;74795;263,74;2TB Samsung PM9A1 M.2 PCIe 4.0 x4 3D-NAND TLC (MZVL22T0HBLB-00B00)
30.01.2022;20:15:02;74795;265,87;2TB Samsung PM9A1 M.2 PCIe 4.0 x4 3D-NAND TLC (MZVL22T0HBLB-00B00)
31.01.2022;08:15:03;74795;263,82;2TB Samsung PM9A1 M.2 PCIe 4.0 x4 3D-NAND TLC (MZVL22T0HBLB-00B00)
31.01.2022;20:15:04;74795;267,27;2TB Samsung PM9A1 M.2 PCIe 4.0 x4 3D-NAND TLC (MZVL22T0HBLB-00B00)
01.02.2022;08:15:02;74795;261,75;2TB Samsung PM9A1 M.2 PCIe 4.0 x4 3D-NAND TLC (MZVL22T0HBLB-00B00)
01.02.2022;20:15:04;74795;265,17;2TB Samsung PM9A1 M.2 PCIe 4.0 x4 3D-NAND TLC (MZVL22T0HBLB-00B00)
02.02.2022;08:15:04;74795;265,17;2TB Samsung PM9A1 M.2 PCIe 4.0 x4 3D-NAND TLC (MZVL22T0HBLB-00B00)
03.02.2022;08:15:03;74795;263,7;2TB Samsung PM9A1 M.2 PCIe 4.0 x4 3D-NAND TLC (MZVL22T0HBLB-00B00)
03.02.2022;12:15:04;74795;267,17;2TB Samsung PM9A1 M.2 PCIe 4.0 x4 3D-NAND TLC (MZVL22T0HBLB-00B00)
03.02.2022;18:15:02;74795;267,57;2TB Samsung PM9A1 M.2 PCIe 4.0 x4 3D-NAND TLC (MZVL22T0HBLB-00B00)
27.01.2022;15:11:23;74929;318;2TB Samsung 980 Pro M.2 PCIe 4.0 x4 3D-NAND TLC (MZ-V8P2T0BW)
27.01.2022;18:15:03;74929;318;2TB Samsung 980 Pro M.2 PCIe 4.0 x4 3D-NAND TLC (MZ-V8P2T0BW)
28.01.2022;10:15:04;74929;318;2TB Samsung 980 Pro M.2 PCIe 4.0 x4 3D-NAND TLC (MZ-V8P2T0BW)
28.01.2022;18:15:04;74929;318;2TB Samsung 980 Pro M.2 PCIe 4.0 x4 3D-NAND TLC (MZ-V8P2T0BW)
29.01.2022;10:15:02;74929;318;2TB Samsung 980 Pro M.2 PCIe 4.0 x4 3D-NAND TLC (MZ-V8P2T0BW)
29.01.2022;20:15:03;74929;318;2TB Samsung 980 Pro M.2 PCIe 4.0 x4 3D-NAND TLC (MZ-V8P2T0BW)
30.01.2022;08:15:03;74929;318;2TB Samsung 980 Pro M.2 PCIe 4.0 x4 3D-NAND TLC (MZ-V8P2T0BW)
30.01.2022;20:15:02;74929;318;2TB Samsung 980 Pro M.2 PCIe 4.0 x4 3D-NAND TLC (MZ-V8P2T0BW)
31.01.2022;08:15:03;74929;318;2TB Samsung 980 Pro M.2 PCIe 4.0 x4 3D-NAND TLC (MZ-V8P2T0BW)
31.01.2022;20:15:04;74929;299;2TB Samsung 980 Pro M.2 PCIe 4.0 x4 3D-NAND TLC (MZ-V8P2T0BW)
01.02.2022;08:15:02;74929;299;2TB Samsung 980 Pro M.2 PCIe 4.0 x4 3D-NAND TLC (MZ-V8P2T0BW)
01.02.2022;20:15:04;74929;299;2TB Samsung 980 Pro M.2 PCIe 4.0 x4 3D-NAND TLC (MZ-V8P2T0BW)
02.02.2022;08:15:04;74929;299;2TB Samsung 980 Pro M.2 PCIe 4.0 x4 3D-NAND TLC (MZ-V8P2T0BW)
03.02.2022;08:15:03;74929;299;2TB Samsung 980 Pro M.2 PCIe 4.0 x4 3D-NAND TLC (MZ-V8P2T0BW)
03.02.2022;12:15:04;74929;299;2TB Samsung 980 Pro M.2 PCIe 4.0 x4 3D-NAND TLC (MZ-V8P2T0BW)
03.02.2022;18:15:02;74929;299;2TB Samsung 980 Pro M.2 PCIe 4.0 x4 3D-NAND TLC (MZ-V8P2T0BW)
27.01.2022;15:11:23;74971;318;2TB Corsair Force Series MP600 M.2 PCIe 4.0 x4 3D-NAND TLC (CSSD-F2000GBMP600PRO)
27.01.2022;18:15:03;74971;318;2TB Corsair Force Series MP600 M.2 PCIe 4.0 x4 3D-NAND TLC (CSSD-F2000GBMP600PRO)
28.01.2022;10:15:04;74971;318;2TB Corsair Force Series MP600 M.2 PCIe 4.0 x4 3D-NAND TLC (CSSD-F2000GBMP600PRO)
28.01.2022;18:15:04;74971;318;2TB Corsair Force Series MP600 M.2 PCIe 4.0 x4 3D-NAND TLC (CSSD-F2000GBMP600PRO)
29.01.2022;10:15:02;74971;318;2TB Corsair Force Series MP600 M.2 PCIe 4.0 x4 3D-NAND TLC (CSSD-F2000GBMP600PRO)
29.01.2022;20:15:03;74971;318;2TB Corsair Force Series MP600 M.2 PCIe 4.0 x4 3D-NAND TLC (CSSD-F2000GBMP600PRO)
30.01.2022;08:15:03;74971;318;2TB Corsair Force Series MP600 M.2 PCIe 4.0 x4 3D-NAND TLC (CSSD-F2000GBMP600PRO)
30.01.2022;20:15:02;74971;318;2TB Corsair Force Series MP600 M.2 PCIe 4.0 x4 3D-NAND TLC (CSSD-F2000GBMP600PRO)
31.01.2022;08:15:03;74971;318;2TB Corsair Force Series MP600 M.2 PCIe 4.0 x4 3D-NAND TLC (CSSD-F2000GBMP600PRO)
31.01.2022;20:15:04;74971;318;2TB Corsair Force Series MP600 M.2 PCIe 4.0 x4 3D-NAND TLC (CSSD-F2000GBMP600PRO)
01.02.2022;08:15:02;74971;318;2TB Corsair Force Series MP600 M.2 PCIe 4.0 x4 3D-NAND TLC (CSSD-F2000GBMP600PRO)
01.02.2022;20:15:04;74971;318;2TB Corsair Force Series MP600 M.2 PCIe 4.0 x4 3D-NAND TLC (CSSD-F2000GBMP600PRO)
02.02.2022;08:15:04;74971;318;2TB Corsair Force Series MP600 M.2 PCIe 4.0 x4 3D-NAND TLC (CSSD-F2000GBMP600PRO)
03.02.2022;08:15:03;74971;318;2TB Corsair Force Series MP600 M.2 PCIe 4.0 x4 3D-NAND TLC (CSSD-F2000GBMP600PRO)
03.02.2022;12:15:04;74971;318;2TB Corsair Force Series MP600 M.2 PCIe 4.0 x4 3D-NAND TLC (CSSD-F2000GBMP600PRO)
03.02.2022;18:15:02;74971;318;2TB Corsair Force Series MP600 M.2 PCIe 4.0 x4 3D-NAND TLC (CSSD-F2000GBMP600PRO)
27.01.2022;15:11:23;8891093;185,86;2TB Intel 660P M.2 2280 PCIe 3.0 x4 3D-NAND QLC (SSDPEKNW020T8X1)
27.01.2022;18:15:03;8891093;185,83;2TB Intel 660P M.2 2280 PCIe 3.0 x4 3D-NAND QLC (SSDPEKNW020T8X1)
28.01.2022;10:15:04;8891093;193,97;2TB Intel 660P M.2 2280 PCIe 3.0 x4 3D-NAND QLC (SSDPEKNW020T8X1)
28.01.2022;18:15:04;8891093;193,92;2TB Intel 660P M.2 2280 PCIe 3.0 x4 3D-NAND QLC (SSDPEKNW020T8X1)
29.01.2022;10:15:02;8891093;190,97;2TB Intel 660P M.2 2280 PCIe 3.0 x4 3D-NAND QLC (SSDPEKNW020T8X1)
29.01.2022;20:15:03;8891093;190,97;2TB Intel 660P M.2 2280 PCIe 3.0 x4 3D-NAND QLC (SSDPEKNW020T8X1)
30.01.2022;08:15:03;8891093;190,97;2TB Intel 660P M.2 2280 PCIe 3.0 x4 3D-NAND QLC (SSDPEKNW020T8X1)
30.01.2022;20:15:02;8891093;190,97;2TB Intel 660P M.2 2280 PCIe 3.0 x4 3D-NAND QLC (SSDPEKNW020T8X1)
31.01.2022;08:15:03;8891093;190,97;2TB Intel 660P M.2 2280 PCIe 3.0 x4 3D-NAND QLC (SSDPEKNW020T8X1)
31.01.2022;20:15:04;8891093;166,44;2TB Intel 660P M.2 2280 PCIe 3.0 x4 3D-NAND QLC (SSDPEKNW020T8X1)
01.02.2022;08:15:02;8891093;158,74;2TB Intel 660P M.2 2280 PCIe 3.0 x4 3D-NAND QLC (SSDPEKNW020T8X1)
01.02.2022;20:15:04;8891093;162,74;2TB Intel 660P M.2 2280 PCIe 3.0 x4 3D-NAND QLC (SSDPEKNW020T8X1)
02.02.2022;08:15:04;8891093;162,74;2TB Intel 660P M.2 2280 PCIe 3.0 x4 3D-NAND QLC (SSDPEKNW020T8X1)
03.02.2022;08:15:03;8891093;193,79;2TB Intel 660P M.2 2280 PCIe 3.0 x4 3D-NAND QLC (SSDPEKNW020T8X1)
03.02.2022;12:15:04;8891093;193,76;2TB Intel 660P M.2 2280 PCIe 3.0 x4 3D-NAND QLC (SSDPEKNW020T8X1)
03.02.2022;18:15:02;8891093;193,61;2TB Intel 660P M.2 2280 PCIe 3.0 x4 3D-NAND QLC (SSDPEKNW020T8X1)
27.01.2022;15:11:23;8913572;282,17;2TB HP EX950 M.2 2280 PCIe 3.0 x4 NVMe 1.3 3D-NAND TLC (5MS24AA#ABB)
27.01.2022;18:15:03;8913572;282,17;2TB HP EX950 M.2 2280 PCIe 3.0 x4 NVMe 1.3 3D-NAND TLC (5MS24AA#ABB)
28.01.2022;10:15:04;8913572;274,6;2TB HP EX950 M.2 2280 PCIe 3.0 x4 NVMe 1.3 3D-NAND TLC (5MS24AA#ABB)
28.01.2022;18:15:04;8913572;281,54;2TB HP EX950 M.2 2280 PCIe 3.0 x4 NVMe 1.3 3D-NAND TLC (5MS24AA#ABB)
29.01.2022;10:15:02;8913572;277,4;2TB HP EX950 M.2 2280 PCIe 3.0 x4 NVMe 1.3 3D-NAND TLC (5MS24AA#ABB)
29.01.2022;20:15:03;8913572;280,87;2TB HP EX950 M.2 2280 PCIe 3.0 x4 NVMe 1.3 3D-NAND TLC (5MS24AA#ABB)
30.01.2022;08:15:03;8913572;270,79;2TB HP EX950 M.2 2280 PCIe 3.0 x4 NVMe 1.3 3D-NAND TLC (5MS24AA#ABB)
30.01.2022;20:15:02;8913572;284,67;2TB HP EX950 M.2 2280 PCIe 3.0 x4 NVMe 1.3 3D-NAND TLC (5MS24AA#ABB)
31.01.2022;08:15:03;8913572;282,52;2TB HP EX950 M.2 2280 PCIe 3.0 x4 NVMe 1.3 3D-NAND TLC (5MS24AA#ABB)
31.01.2022;20:15:04;8913572;282,47;2TB HP EX950 M.2 2280 PCIe 3.0 x4 NVMe 1.3 3D-NAND TLC (5MS24AA#ABB)
01.02.2022;08:15:02;8913572;276,95;2TB HP EX950 M.2 2280 PCIe 3.0 x4 NVMe 1.3 3D-NAND TLC (5MS24AA#ABB)
01.02.2022;20:15:04;8913572;280,42;2TB HP EX950 M.2 2280 PCIe 3.0 x4 NVMe 1.3 3D-NAND TLC (5MS24AA#ABB)
02.02.2022;08:15:04;8913572;280,42;2TB HP EX950 M.2 2280 PCIe 3.0 x4 NVMe 1.3 3D-NAND TLC (5MS24AA#ABB)
03.02.2022;08:15:03;8913572;267,54;2TB HP EX950 M.2 2280 PCIe 3.0 x4 NVMe 1.3 3D-NAND TLC (5MS24AA#ABB)
03.02.2022;12:15:04;8913572;268,3;2TB HP EX950 M.2 2280 PCIe 3.0 x4 NVMe 1.3 3D-NAND TLC (5MS24AA#ABB)
03.02.2022;18:15:02;8913572;275,24;2TB HP EX950 M.2 2280 PCIe 3.0 x4 NVMe 1.3 3D-NAND TLC (5MS24AA#ABB)
27.01.2022;15:11:23;8914880;222,8;2TB WD Black SN750 Gaming M.2 2280 PCIe 3.0 x4 NVMe 1.3 3D-NAND TLC (WDS200T3X0C)
27.01.2022;18:15:03;8914880;222,8;2TB WD Black SN750 Gaming M.2 2280 PCIe 3.0 x4 NVMe 1.3 3D-NAND TLC (WDS200T3X0C)
28.01.2022;10:15:04;8914880;222,78;2TB WD Black SN750 Gaming M.2 2280 PCIe 3.0 x4 NVMe 1.3 3D-NAND TLC (WDS200T3X0C)
28.01.2022;18:15:04;8914880;198,97;2TB WD Black SN750 Gaming M.2 2280 PCIe 3.0 x4 NVMe 1.3 3D-NAND TLC (WDS200T3X0C)
29.01.2022;10:15:02;8914880;198,97;2TB WD Black SN750 Gaming M.2 2280 PCIe 3.0 x4 NVMe 1.3 3D-NAND TLC (WDS200T3X0C)
29.01.2022;20:15:03;8914880;198,97;2TB WD Black SN750 Gaming M.2 2280 PCIe 3.0 x4 NVMe 1.3 3D-NAND TLC (WDS200T3X0C)
30.01.2022;08:15:03;8914880;198,97;2TB WD Black SN750 Gaming M.2 2280 PCIe 3.0 x4 NVMe 1.3 3D-NAND TLC (WDS200T3X0C)
30.01.2022;20:15:02;8914880;198,97;2TB WD Black SN750 Gaming M.2 2280 PCIe 3.0 x4 NVMe 1.3 3D-NAND TLC (WDS200T3X0C)
31.01.2022;08:15:03;8914880;198,97;2TB WD Black SN750 Gaming M.2 2280 PCIe 3.0 x4 NVMe 1.3 3D-NAND TLC (WDS200T3X0C)
31.01.2022;20:15:04;8914880;222,77;2TB WD Black SN750 Gaming M.2 2280 PCIe 3.0 x4 NVMe 1.3 3D-NAND TLC (WDS200T3X0C)
01.02.2022;08:15:02;8914880;222,77;2TB WD Black SN750 Gaming M.2 2280 PCIe 3.0 x4 NVMe 1.3 3D-NAND TLC (WDS200T3X0C)
01.02.2022;20:15:04;8914880;222,81;2TB WD Black SN750 Gaming M.2 2280 PCIe 3.0 x4 NVMe 1.3 3D-NAND TLC (WDS200T3X0C)
02.02.2022;08:15:04;8914880;222,81;2TB WD Black SN750 Gaming M.2 2280 PCIe 3.0 x4 NVMe 1.3 3D-NAND TLC (WDS200T3X0C)
03.02.2022;08:15:03;8914880;244;2TB WD Black SN750 Gaming M.2 2280 PCIe 3.0 x4 NVMe 1.3 3D-NAND TLC (WDS200T3X0C)
03.02.2022;12:15:04;8914880;244;2TB WD Black SN750 Gaming M.2 2280 PCIe 3.0 x4 NVMe 1.3 3D-NAND TLC (WDS200T3X0C)
03.02.2022;18:15:02;8914880;244;2TB WD Black SN750 Gaming M.2 2280 PCIe 3.0 x4 NVMe 1.3 3D-NAND TLC (WDS200T3X0C)
27.01.2022;15:11:23;8920804;195;2TB Samsung 970 Evo Plus M.2 2280 PCIe 3.0 x4 3D-NAND TLC (MZ-V7S2T0BW)
27.01.2022;18:15:03;8920804;195;2TB Samsung 970 Evo Plus M.2 2280 PCIe 3.0 x4 3D-NAND TLC (MZ-V7S2T0BW)
28.01.2022;10:15:04;8920804;194;2TB Samsung 970 Evo Plus M.2 2280 PCIe 3.0 x4 3D-NAND TLC (MZ-V7S2T0BW)
28.01.2022;18:15:04;8920804;205;2TB Samsung 970 Evo Plus M.2 2280 PCIe 3.0 x4 3D-NAND TLC (MZ-V7S2T0BW)
29.01.2022;10:15:02;8920804;205;2TB Samsung 970 Evo Plus M.2 2280 PCIe 3.0 x4 3D-NAND TLC (MZ-V7S2T0BW)
29.01.2022;20:15:03;8920804;208;2TB Samsung 970 Evo Plus M.2 2280 PCIe 3.0 x4 3D-NAND TLC (MZ-V7S2T0BW)
30.01.2022;08:15:03;8920804;208;2TB Samsung 970 Evo Plus M.2 2280 PCIe 3.0 x4 3D-NAND TLC (MZ-V7S2T0BW)
30.01.2022;20:15:02;8920804;208;2TB Samsung 970 Evo Plus M.2 2280 PCIe 3.0 x4 3D-NAND TLC (MZ-V7S2T0BW)
31.01.2022;08:15:03;8920804;208;2TB Samsung 970 Evo Plus M.2 2280 PCIe 3.0 x4 3D-NAND TLC (MZ-V7S2T0BW)
31.01.2022;20:15:04;8920804;209;2TB Samsung 970 Evo Plus M.2 2280 PCIe 3.0 x4 3D-NAND TLC (MZ-V7S2T0BW)
01.02.2022;08:15:02;8920804;209;2TB Samsung 970 Evo Plus M.2 2280 PCIe 3.0 x4 3D-NAND TLC (MZ-V7S2T0BW)
01.02.2022;20:15:04;8920804;209;2TB Samsung 970 Evo Plus M.2 2280 PCIe 3.0 x4 3D-NAND TLC (MZ-V7S2T0BW)
02.02.2022;08:15:04;8920804;209;2TB Samsung 970 Evo Plus M.2 2280 PCIe 3.0 x4 3D-NAND TLC (MZ-V7S2T0BW)
03.02.2022;08:15:03;8920804;209;2TB Samsung 970 Evo Plus M.2 2280 PCIe 3.0 x4 3D-NAND TLC (MZ-V7S2T0BW)
03.02.2022;12:15:04;8920804;209;2TB Samsung 970 Evo Plus M.2 2280 PCIe 3.0 x4 3D-NAND TLC (MZ-V7S2T0BW)
03.02.2022;18:15:02;8920804;209;2TB Samsung 970 Evo Plus M.2 2280 PCIe 3.0 x4 3D-NAND TLC (MZ-V7S2T0BW)
27.01.2022;15:11:23;8927842;316,62;2TB WD Black SN750 M.2 2280 PCIe 3.0 x4 NVMe 1.3 3D-NAND TLC (WDS200T3XHC)
27.01.2022;18:15:03;8927842;322,72;2TB WD Black SN750 M.2 2280 PCIe 3.0 x4 NVMe 1.3 3D-NAND TLC (WDS200T3XHC)
28.01.2022;10:15:04;8927842;322,72;2TB WD Black SN750 M.2 2280 PCIe 3.0 x4 NVMe 1.3 3D-NAND TLC (WDS200T3XHC)
28.01.2022;18:15:04;8927842;322,72;2TB WD Black SN750 M.2 2280 PCIe 3.0 x4 NVMe 1.3 3D-NAND TLC (WDS200T3XHC)
29.01.2022;10:15:02;8927842;322,72;2TB WD Black SN750 M.2 2280 PCIe 3.0 x4 NVMe 1.3 3D-NAND TLC (WDS200T3XHC)
29.01.2022;20:15:03;8927842;322,72;2TB WD Black SN750 M.2 2280 PCIe 3.0 x4 NVMe 1.3 3D-NAND TLC (WDS200T3XHC)
30.01.2022;08:15:03;8927842;322,72;2TB WD Black SN750 M.2 2280 PCIe 3.0 x4 NVMe 1.3 3D-NAND TLC (WDS200T3XHC)
30.01.2022;20:15:02;8927842;322,72;2TB WD Black SN750 M.2 2280 PCIe 3.0 x4 NVMe 1.3 3D-NAND TLC (WDS200T3XHC)
31.01.2022;08:15:03;8927842;322,72;2TB WD Black SN750 M.2 2280 PCIe 3.0 x4 NVMe 1.3 3D-NAND TLC (WDS200T3XHC)
31.01.2022;20:15:04;8927842;322,72;2TB WD Black SN750 M.2 2280 PCIe 3.0 x4 NVMe 1.3 3D-NAND TLC (WDS200T3XHC)
01.02.2022;08:15:02;8927842;317,62;2TB WD Black SN750 M.2 2280 PCIe 3.0 x4 NVMe 1.3 3D-NAND TLC (WDS200T3XHC)
01.02.2022;20:15:04;8927842;322,72;2TB WD Black SN750 M.2 2280 PCIe 3.0 x4 NVMe 1.3 3D-NAND TLC (WDS200T3XHC)
02.02.2022;08:15:04;8927842;322,72;2TB WD Black SN750 M.2 2280 PCIe 3.0 x4 NVMe 1.3 3D-NAND TLC (WDS200T3XHC)
03.02.2022;08:15:03;8927842;314,56;2TB WD Black SN750 M.2 2280 PCIe 3.0 x4 NVMe 1.3 3D-NAND TLC (WDS200T3XHC)
03.02.2022;12:15:04;8927842;314,58;2TB WD Black SN750 M.2 2280 PCIe 3.0 x4 NVMe 1.3 3D-NAND TLC (WDS200T3XHC)
03.02.2022;18:15:02;8927842;314,58;2TB WD Black SN750 M.2 2280 PCIe 3.0 x4 NVMe 1.3 3D-NAND TLC (WDS200T3XHC)
27.01.2022;15:11:23;8930069;266,96;2TB Corsair Force Series MP600 M.2 2280 PCIe 4.0 x4 NVMe 1.3 3D-NAND TLC (CSSD-F2000GBMP600)
27.01.2022;18:15:03;8930069;265,96;2TB Corsair Force Series MP600 M.2 2280 PCIe 4.0 x4 NVMe 1.3 3D-NAND TLC (CSSD-F2000GBMP600)
28.01.2022;10:15:04;8930069;268,96;2TB Corsair Force Series MP600 M.2 2280 PCIe 4.0 x4 NVMe 1.3 3D-NAND TLC (CSSD-F2000GBMP600)
28.01.2022;18:15:04;8930069;268,96;2TB Corsair Force Series MP600 M.2 2280 PCIe 4.0 x4 NVMe 1.3 3D-NAND TLC (CSSD-F2000GBMP600)
29.01.2022;10:15:02;8930069;268,96;2TB Corsair Force Series MP600 M.2 2280 PCIe 4.0 x4 NVMe 1.3 3D-NAND TLC (CSSD-F2000GBMP600)
29.01.2022;20:15:03;8930069;268,96;2TB Corsair Force Series MP600 M.2 2280 PCIe 4.0 x4 NVMe 1.3 3D-NAND TLC (CSSD-F2000GBMP600)
30.01.2022;08:15:03;8930069;268,96;2TB Corsair Force Series MP600 M.2 2280 PCIe 4.0 x4 NVMe 1.3 3D-NAND TLC (CSSD-F2000GBMP600)
30.01.2022;20:15:02;8930069;269,87;2TB Corsair Force Series MP600 M.2 2280 PCIe 4.0 x4 NVMe 1.3 3D-NAND TLC (CSSD-F2000GBMP600)
31.01.2022;08:15:03;8930069;269,87;2TB Corsair Force Series MP600 M.2 2280 PCIe 4.0 x4 NVMe 1.3 3D-NAND TLC (CSSD-F2000GBMP600)
31.01.2022;20:15:04;8930069;269,87;2TB Corsair Force Series MP600 M.2 2280 PCIe 4.0 x4 NVMe 1.3 3D-NAND TLC (CSSD-F2000GBMP600)
01.02.2022;08:15:02;8930069;269,87;2TB Corsair Force Series MP600 M.2 2280 PCIe 4.0 x4 NVMe 1.3 3D-NAND TLC (CSSD-F2000GBMP600)
01.02.2022;20:15:04;8930069;269,87;2TB Corsair Force Series MP600 M.2 2280 PCIe 4.0 x4 NVMe 1.3 3D-NAND TLC (CSSD-F2000GBMP600)
02.02.2022;08:15:04;8930069;269,87;2TB Corsair Force Series MP600 M.2 2280 PCIe 4.0 x4 NVMe 1.3 3D-NAND TLC (CSSD-F2000GBMP600)
03.02.2022;08:15:03;8930069;269,87;2TB Corsair Force Series MP600 M.2 2280 PCIe 4.0 x4 NVMe 1.3 3D-NAND TLC (CSSD-F2000GBMP600)
03.02.2022;12:15:04;8930069;269,87;2TB Corsair Force Series MP600 M.2 2280 PCIe 4.0 x4 NVMe 1.3 3D-NAND TLC (CSSD-F2000GBMP600)
03.02.2022;18:15:02;8930069;269,87;2TB Corsair Force Series MP600 M.2 2280 PCIe 4.0 x4 NVMe 1.3 3D-NAND TLC (CSSD-F2000GBMP600)
27.01.2022;15:11:23;8930638;236,87;2TB Gigabyte AORUS M.2 2280 PCIe 4.0 x4 NVMe 1.3 3D-NAND TLC (GP-ASM2NE6200TTTD)
27.01.2022;18:15:03;8930638;236,87;2TB Gigabyte AORUS M.2 2280 PCIe 4.0 x4 NVMe 1.3 3D-NAND TLC (GP-ASM2NE6200TTTD)
28.01.2022;10:15:04;8930638;236,82;2TB Gigabyte AORUS M.2 2280 PCIe 4.0 x4 NVMe 1.3 3D-NAND TLC (GP-ASM2NE6200TTTD)
28.01.2022;18:15:04;8930638;236,87;2TB Gigabyte AORUS M.2 2280 PCIe 4.0 x4 NVMe 1.3 3D-NAND TLC (GP-ASM2NE6200TTTD)
29.01.2022;10:15:02;8930638;237,02;2TB Gigabyte AORUS M.2 2280 PCIe 4.0 x4 NVMe 1.3 3D-NAND TLC (GP-ASM2NE6200TTTD)
29.01.2022;20:15:03;8930638;236,02;2TB Gigabyte AORUS M.2 2280 PCIe 4.0 x4 NVMe 1.3 3D-NAND TLC (GP-ASM2NE6200TTTD)
30.01.2022;08:15:03;8930638;232,65;2TB Gigabyte AORUS M.2 2280 PCIe 4.0 x4 NVMe 1.3 3D-NAND TLC (GP-ASM2NE6200TTTD)
30.01.2022;20:15:02;8930638;232,65;2TB Gigabyte AORUS M.2 2280 PCIe 4.0 x4 NVMe 1.3 3D-NAND TLC (GP-ASM2NE6200TTTD)
31.01.2022;08:15:03;8930638;234,2;2TB Gigabyte AORUS M.2 2280 PCIe 4.0 x4 NVMe 1.3 3D-NAND TLC (GP-ASM2NE6200TTTD)
31.01.2022;20:15:04;8930638;236,19;2TB Gigabyte AORUS M.2 2280 PCIe 4.0 x4 NVMe 1.3 3D-NAND TLC (GP-ASM2NE6200TTTD)
01.02.2022;08:15:02;8930638;232,65;2TB Gigabyte AORUS M.2 2280 PCIe 4.0 x4 NVMe 1.3 3D-NAND TLC (GP-ASM2NE6200TTTD)
01.02.2022;20:15:04;8930638;232,65;2TB Gigabyte AORUS M.2 2280 PCIe 4.0 x4 NVMe 1.3 3D-NAND TLC (GP-ASM2NE6200TTTD)
02.02.2022;08:15:04;8930638;236,18;2TB Gigabyte AORUS M.2 2280 PCIe 4.0 x4 NVMe 1.3 3D-NAND TLC (GP-ASM2NE6200TTTD)
03.02.2022;08:15:03;8930638;237,47;2TB Gigabyte AORUS M.2 2280 PCIe 4.0 x4 NVMe 1.3 3D-NAND TLC (GP-ASM2NE6200TTTD)
03.02.2022;12:15:04;8930638;237,44;2TB Gigabyte AORUS M.2 2280 PCIe 4.0 x4 NVMe 1.3 3D-NAND TLC (GP-ASM2NE6200TTTD)
03.02.2022;18:15:02;8930638;237,37;2TB Gigabyte AORUS M.2 2280 PCIe 4.0 x4 NVMe 1.3 3D-NAND TLC (GP-ASM2NE6200TTTD)
27.01.2022;15:11:23;8932793;238,97;2TB SanDisk Extreme PRO M.2 2280 PCIe 3.0 x4 NVMe 1.3 3D-NAND TLC (SDSSDXPM2-2T00-G25)
27.01.2022;18:15:03;8932793;238,97;2TB SanDisk Extreme PRO M.2 2280 PCIe 3.0 x4 NVMe 1.3 3D-NAND TLC (SDSSDXPM2-2T00-G25)
28.01.2022;10:15:04;8932793;238,97;2TB SanDisk Extreme PRO M.2 2280 PCIe 3.0 x4 NVMe 1.3 3D-NAND TLC (SDSSDXPM2-2T00-G25)
28.01.2022;18:15:04;8932793;238,97;2TB SanDisk Extreme PRO M.2 2280 PCIe 3.0 x4 NVMe 1.3 3D-NAND TLC (SDSSDXPM2-2T00-G25)
29.01.2022;10:15:02;8932793;238,97;2TB SanDisk Extreme PRO M.2 2280 PCIe 3.0 x4 NVMe 1.3 3D-NAND TLC (SDSSDXPM2-2T00-G25)
29.01.2022;20:15:03;8932793;238,97;2TB SanDisk Extreme PRO M.2 2280 PCIe 3.0 x4 NVMe 1.3 3D-NAND TLC (SDSSDXPM2-2T00-G25)
30.01.2022;08:15:03;8932793;238,97;2TB SanDisk Extreme PRO M.2 2280 PCIe 3.0 x4 NVMe 1.3 3D-NAND TLC (SDSSDXPM2-2T00-G25)
30.01.2022;20:15:02;8932793;238,97;2TB SanDisk Extreme PRO M.2 2280 PCIe 3.0 x4 NVMe 1.3 3D-NAND TLC (SDSSDXPM2-2T00-G25)
31.01.2022;08:15:03;8932793;249,17;2TB SanDisk Extreme PRO M.2 2280 PCIe 3.0 x4 NVMe 1.3 3D-NAND TLC (SDSSDXPM2-2T00-G25)
31.01.2022;20:15:04;8932793;249,26;2TB SanDisk Extreme PRO M.2 2280 PCIe 3.0 x4 NVMe 1.3 3D-NAND TLC (SDSSDXPM2-2T00-G25)
01.02.2022;08:15:02;8932793;249,26;2TB SanDisk Extreme PRO M.2 2280 PCIe 3.0 x4 NVMe 1.3 3D-NAND TLC (SDSSDXPM2-2T00-G25)
01.02.2022;20:15:04;8932793;249,26;2TB SanDisk Extreme PRO M.2 2280 PCIe 3.0 x4 NVMe 1.3 3D-NAND TLC (SDSSDXPM2-2T00-G25)
02.02.2022;08:15:04;8932793;249,26;2TB SanDisk Extreme PRO M.2 2280 PCIe 3.0 x4 NVMe 1.3 3D-NAND TLC (SDSSDXPM2-2T00-G25)
03.02.2022;08:15:03;8932793;249,26;2TB SanDisk Extreme PRO M.2 2280 PCIe 3.0 x4 NVMe 1.3 3D-NAND TLC (SDSSDXPM2-2T00-G25)
03.02.2022;12:15:04;8932793;249,26;2TB SanDisk Extreme PRO M.2 2280 PCIe 3.0 x4 NVMe 1.3 3D-NAND TLC (SDSSDXPM2-2T00-G25)
03.02.2022;18:15:02;8932793;249,26;2TB SanDisk Extreme PRO M.2 2280 PCIe 3.0 x4 NVMe 1.3 3D-NAND TLC (SDSSDXPM2-2T00-G25)
27.01.2022;15:11:23;8937677;490,56;2TB WD WD BLACK SN750 M.2 PCIe 3.0 x4 3D-NAND TLC (WDBGMP0020BNC-WRSN)
27.01.2022;18:15:03;8937677;490,56;2TB WD WD BLACK SN750 M.2 PCIe 3.0 x4 3D-NAND TLC (WDBGMP0020BNC-WRSN)
28.01.2022;10:15:04;8937677;490,56;2TB WD WD BLACK SN750 M.2 PCIe 3.0 x4 3D-NAND TLC (WDBGMP0020BNC-WRSN)
28.01.2022;18:15:04;8937677;490,56;2TB WD WD BLACK SN750 M.2 PCIe 3.0 x4 3D-NAND TLC (WDBGMP0020BNC-WRSN)
29.01.2022;10:15:02;8937677;490,56;2TB WD WD BLACK SN750 M.2 PCIe 3.0 x4 3D-NAND TLC (WDBGMP0020BNC-WRSN)
29.01.2022;20:15:03;8937677;490,54;2TB WD WD BLACK SN750 M.2 PCIe 3.0 x4 3D-NAND TLC (WDBGMP0020BNC-WRSN)
30.01.2022;08:15:03;8937677;490,54;2TB WD WD BLACK SN750 M.2 PCIe 3.0 x4 3D-NAND TLC (WDBGMP0020BNC-WRSN)
30.01.2022;20:15:02;8937677;490,54;2TB WD WD BLACK SN750 M.2 PCIe 3.0 x4 3D-NAND TLC (WDBGMP0020BNC-WRSN)
31.01.2022;08:15:03;8937677;490,54;2TB WD WD BLACK SN750 M.2 PCIe 3.0 x4 3D-NAND TLC (WDBGMP0020BNC-WRSN)
31.01.2022;20:15:04;8937677;490,54;2TB WD WD BLACK SN750 M.2 PCIe 3.0 x4 3D-NAND TLC (WDBGMP0020BNC-WRSN)
01.02.2022;08:15:02;8937677;490,54;2TB WD WD BLACK SN750 M.2 PCIe 3.0 x4 3D-NAND TLC (WDBGMP0020BNC-WRSN)
01.02.2022;20:15:04;8937677;490,54;2TB WD WD BLACK SN750 M.2 PCIe 3.0 x4 3D-NAND TLC (WDBGMP0020BNC-WRSN)
02.02.2022;08:15:04;8937677;490,54;2TB WD WD BLACK SN750 M.2 PCIe 3.0 x4 3D-NAND TLC (WDBGMP0020BNC-WRSN)
03.02.2022;08:15:03;8937677;490,54;2TB WD WD BLACK SN750 M.2 PCIe 3.0 x4 3D-NAND TLC (WDBGMP0020BNC-WRSN)
03.02.2022;12:15:04;8937677;490,56;2TB WD WD BLACK SN750 M.2 PCIe 3.0 x4 3D-NAND TLC (WDBGMP0020BNC-WRSN)
03.02.2022;18:15:02;8937677;490,56;2TB WD WD BLACK SN750 M.2 PCIe 3.0 x4 3D-NAND TLC (WDBGMP0020BNC-WRSN)
27.01.2022;15:11:23;8947355;299,87;2TB Seagate FireCuda 520 M.2 PCIe 4.0 x4 3D-NAND TLC (ZP2000GM3A002)
27.01.2022;18:15:03;8947355;299,87;2TB Seagate FireCuda 520 M.2 PCIe 4.0 x4 3D-NAND TLC (ZP2000GM3A002)
28.01.2022;10:15:04;8947355;299,87;2TB Seagate FireCuda 520 M.2 PCIe 4.0 x4 3D-NAND TLC (ZP2000GM3A002)
28.01.2022;18:15:04;8947355;299,87;2TB Seagate FireCuda 520 M.2 PCIe 4.0 x4 3D-NAND TLC (ZP2000GM3A002)
29.01.2022;10:15:02;8947355;299,87;2TB Seagate FireCuda 520 M.2 PCIe 4.0 x4 3D-NAND TLC (ZP2000GM3A002)
29.01.2022;20:15:03;8947355;299,87;2TB Seagate FireCuda 520 M.2 PCIe 4.0 x4 3D-NAND TLC (ZP2000GM3A002)
30.01.2022;08:15:03;8947355;299,87;2TB Seagate FireCuda 520 M.2 PCIe 4.0 x4 3D-NAND TLC (ZP2000GM3A002)
30.01.2022;20:15:02;8947355;299,87;2TB Seagate FireCuda 520 M.2 PCIe 4.0 x4 3D-NAND TLC (ZP2000GM3A002)
31.01.2022;08:15:03;8947355;299,87;2TB Seagate FireCuda 520 M.2 PCIe 4.0 x4 3D-NAND TLC (ZP2000GM3A002)
31.01.2022;20:15:04;8947355;289,92;2TB Seagate FireCuda 520 M.2 PCIe 4.0 x4 3D-NAND TLC (ZP2000GM3A002)
01.02.2022;08:15:02;8947355;289,92;2TB Seagate FireCuda 520 M.2 PCIe 4.0 x4 3D-NAND TLC (ZP2000GM3A002)
01.02.2022;20:15:04;8947355;289,92;2TB Seagate FireCuda 520 M.2 PCIe 4.0 x4 3D-NAND TLC (ZP2000GM3A002)
02.02.2022;08:15:04;8947355;289,92;2TB Seagate FireCuda 520 M.2 PCIe 4.0 x4 3D-NAND TLC (ZP2000GM3A002)
03.02.2022;08:15:03;8947355;289,92;2TB Seagate FireCuda 520 M.2 PCIe 4.0 x4 3D-NAND TLC (ZP2000GM3A002)
03.02.2022;12:15:04;8947355;289,92;2TB Seagate FireCuda 520 M.2 PCIe 4.0 x4 3D-NAND TLC (ZP2000GM3A002)
03.02.2022;18:15:02;8947355;289,92;2TB Seagate FireCuda 520 M.2 PCIe 4.0 x4 3D-NAND TLC (ZP2000GM3A002)
27.01.2022;15:11:23;8949128;239,96;2TB WD WD Red SA500 NAS M.2 2280 SATA 6Gb/s 3D-NAND TLC (WDS200T1R0B)
27.01.2022;18:15:03;8949128;239,96;2TB WD WD Red SA500 NAS M.2 2280 SATA 6Gb/s 3D-NAND TLC (WDS200T1R0B)
28.01.2022;10:15:04;8949128;239,96;2TB WD WD Red SA500 NAS M.2 2280 SATA 6Gb/s 3D-NAND TLC (WDS200T1R0B)
28.01.2022;18:15:04;8949128;239,96;2TB WD WD Red SA500 NAS M.2 2280 SATA 6Gb/s 3D-NAND TLC (WDS200T1R0B)
29.01.2022;10:15:02;8949128;239,96;2TB WD WD Red SA500 NAS M.2 2280 SATA 6Gb/s 3D-NAND TLC (WDS200T1R0B)
29.01.2022;20:15:03;8949128;239,96;2TB WD WD Red SA500 NAS M.2 2280 SATA 6Gb/s 3D-NAND TLC (WDS200T1R0B)
30.01.2022;08:15:03;8949128;239,96;2TB WD WD Red SA500 NAS M.2 2280 SATA 6Gb/s 3D-NAND TLC (WDS200T1R0B)
30.01.2022;20:15:02;8949128;239,96;2TB WD WD Red SA500 NAS M.2 2280 SATA 6Gb/s 3D-NAND TLC (WDS200T1R0B)
31.01.2022;08:15:03;8949128;239,96;2TB WD WD Red SA500 NAS M.2 2280 SATA 6Gb/s 3D-NAND TLC (WDS200T1R0B)
31.01.2022;20:15:04;8949128;239,96;2TB WD WD Red SA500 NAS M.2 2280 SATA 6Gb/s 3D-NAND TLC (WDS200T1R0B)
01.02.2022;08:15:02;8949128;242,97;2TB WD WD Red SA500 NAS M.2 2280 SATA 6Gb/s 3D-NAND TLC (WDS200T1R0B)
01.02.2022;20:15:04;8949128;242,97;2TB WD WD Red SA500 NAS M.2 2280 SATA 6Gb/s 3D-NAND TLC (WDS200T1R0B)
02.02.2022;08:15:04;8949128;242,97;2TB WD WD Red SA500 NAS M.2 2280 SATA 6Gb/s 3D-NAND TLC (WDS200T1R0B)
03.02.2022;08:15:03;8949128;248,97;2TB WD WD Red SA500 NAS M.2 2280 SATA 6Gb/s 3D-NAND TLC (WDS200T1R0B)
03.02.2022;12:15:04;8949128;248,97;2TB WD WD Red SA500 NAS M.2 2280 SATA 6Gb/s 3D-NAND TLC (WDS200T1R0B)
03.02.2022;18:15:02;8949128;248,97;2TB WD WD Red SA500 NAS M.2 2280 SATA 6Gb/s 3D-NAND TLC (WDS200T1R0B)
27.01.2022;15:11:23;8972477;210,18;2TB Transcend MTE220S SSD M.2 PCIe 3.0 x4 3D-NAND TLC (TS2TMTE220S)
27.01.2022;18:15:03;8972477;210,18;2TB Transcend MTE220S SSD M.2 PCIe 3.0 x4 3D-NAND TLC (TS2TMTE220S)
28.01.2022;10:15:04;8972477;210,18;2TB Transcend MTE220S SSD M.2 PCIe 3.0 x4 3D-NAND TLC (TS2TMTE220S)
28.01.2022;18:15:04;8972477;210,18;2TB Transcend MTE220S SSD M.2 PCIe 3.0 x4 3D-NAND TLC (TS2TMTE220S)
29.01.2022;10:15:02;8972477;210,18;2TB Transcend MTE220S SSD M.2 PCIe 3.0 x4 3D-NAND TLC (TS2TMTE220S)
29.01.2022;20:15:03;8972477;210,18;2TB Transcend MTE220S SSD M.2 PCIe 3.0 x4 3D-NAND TLC (TS2TMTE220S)
30.01.2022;08:15:03;8972477;210,18;2TB Transcend MTE220S SSD M.2 PCIe 3.0 x4 3D-NAND TLC (TS2TMTE220S)
30.01.2022;20:15:02;8972477;210,18;2TB Transcend MTE220S SSD M.2 PCIe 3.0 x4 3D-NAND TLC (TS2TMTE220S)
31.01.2022;08:15:03;8972477;210,18;2TB Transcend MTE220S SSD M.2 PCIe 3.0 x4 3D-NAND TLC (TS2TMTE220S)
31.01.2022;20:15:04;8972477;210,18;2TB Transcend MTE220S SSD M.2 PCIe 3.0 x4 3D-NAND TLC (TS2TMTE220S)
01.02.2022;08:15:02;8972477;210,18;2TB Transcend MTE220S SSD M.2 PCIe 3.0 x4 3D-NAND TLC (TS2TMTE220S)
01.02.2022;20:15:04;8972477;210,18;2TB Transcend MTE220S SSD M.2 PCIe 3.0 x4 3D-NAND TLC (TS2TMTE220S)
02.02.2022;08:15:04;8972477;210,18;2TB Transcend MTE220S SSD M.2 PCIe 3.0 x4 3D-NAND TLC (TS2TMTE220S)
03.02.2022;08:15:03;8972477;230,27;2TB Transcend MTE220S SSD M.2 PCIe 3.0 x4 3D-NAND TLC (TS2TMTE220S)
03.02.2022;12:15:04;8972477;230,27;2TB Transcend MTE220S SSD M.2 PCIe 3.0 x4 3D-NAND TLC (TS2TMTE220S)
03.02.2022;18:15:02;8972477;340,7;2TB Transcend MTE220S SSD M.2 PCIe 3.0 x4 3D-NAND TLC (TS2TMTE220S)
28.01.2022;18:15:04;8976572;268,96;2TB Crucial P5 M.2 PCIe 3.0 x4 3D-NAND TLC (CT2000P5SSD8)
29.01.2022;10:15:02;8976572;257,97;2TB Crucial P5 M.2 PCIe 3.0 x4 3D-NAND TLC (CT2000P5SSD8)
29.01.2022;20:15:03;8976572;257,91;2TB Crucial P5 M.2 PCIe 3.0 x4 3D-NAND TLC (CT2000P5SSD8)
30.01.2022;08:15:03;8976572;257,88;2TB Crucial P5 M.2 PCIe 3.0 x4 3D-NAND TLC (CT2000P5SSD8)
30.01.2022;20:15:02;8976572;257,76;2TB Crucial P5 M.2 PCIe 3.0 x4 3D-NAND TLC (CT2000P5SSD8)
31.01.2022;08:15:03;8976572;257,7;2TB Crucial P5 M.2 PCIe 3.0 x4 3D-NAND TLC (CT2000P5SSD8)
31.01.2022;20:15:04;8976572;248,78;2TB Crucial P5 M.2 PCIe 3.0 x4 3D-NAND TLC (CT2000P5SSD8)
01.02.2022;08:15:02;8976572;248,78;2TB Crucial P5 M.2 PCIe 3.0 x4 3D-NAND TLC (CT2000P5SSD8)
01.02.2022;20:15:04;8976572;249,97;2TB Crucial P5 M.2 PCIe 3.0 x4 3D-NAND TLC (CT2000P5SSD8)
02.02.2022;08:15:04;8976572;249,97;2TB Crucial P5 M.2 PCIe 3.0 x4 3D-NAND TLC (CT2000P5SSD8)
03.02.2022;08:15:03;8976572;261,72;2TB Crucial P5 M.2 PCIe 3.0 x4 3D-NAND TLC (CT2000P5SSD8)
03.02.2022;12:15:04;8976572;259,97;2TB Crucial P5 M.2 PCIe 3.0 x4 3D-NAND TLC (CT2000P5SSD8)
03.02.2022;18:15:02;8976572;259,88;2TB Crucial P5 M.2 PCIe 3.0 x4 3D-NAND TLC (CT2000P5SSD8)
27.01.2022;15:11:23;8976932;218,97;2TB Kingston KC2500 NVMe M.2 PCIe 3.0 x4 3D-NAND TLC (SKC2500M8/2000G)
27.01.2022;18:15:03;8976932;218,97;2TB Kingston KC2500 NVMe M.2 PCIe 3.0 x4 3D-NAND TLC (SKC2500M8/2000G)
28.01.2022;10:15:04;8976932;218,97;2TB Kingston KC2500 NVMe M.2 PCIe 3.0 x4 3D-NAND TLC (SKC2500M8/2000G)
28.01.2022;18:15:04;8976932;218,97;2TB Kingston KC2500 NVMe M.2 PCIe 3.0 x4 3D-NAND TLC (SKC2500M8/2000G)
29.01.2022;10:15:02;8976932;218,97;2TB Kingston KC2500 NVMe M.2 PCIe 3.0 x4 3D-NAND TLC (SKC2500M8/2000G)
29.01.2022;20:15:03;8976932;218,97;2TB Kingston KC2500 NVMe M.2 PCIe 3.0 x4 3D-NAND TLC (SKC2500M8/2000G)
30.01.2022;08:15:03;8976932;218,97;2TB Kingston KC2500 NVMe M.2 PCIe 3.0 x4 3D-NAND TLC (SKC2500M8/2000G)
30.01.2022;20:15:02;8976932;218,97;2TB Kingston KC2500 NVMe M.2 PCIe 3.0 x4 3D-NAND TLC (SKC2500M8/2000G)
31.01.2022;08:15:03;8976932;218,97;2TB Kingston KC2500 NVMe M.2 PCIe 3.0 x4 3D-NAND TLC (SKC2500M8/2000G)
31.01.2022;20:15:04;8976932;218,97;2TB Kingston KC2500 NVMe M.2 PCIe 3.0 x4 3D-NAND TLC (SKC2500M8/2000G)
01.02.2022;08:15:02;8976932;218,97;2TB Kingston KC2500 NVMe M.2 PCIe 3.0 x4 3D-NAND TLC (SKC2500M8/2000G)
01.02.2022;20:15:04;8976932;218,97;2TB Kingston KC2500 NVMe M.2 PCIe 3.0 x4 3D-NAND TLC (SKC2500M8/2000G)
02.02.2022;08:15:04;8976932;218,97;2TB Kingston KC2500 NVMe M.2 PCIe 3.0 x4 3D-NAND TLC (SKC2500M8/2000G)
03.02.2022;08:15:03;8976932;218,59;2TB Kingston KC2500 NVMe M.2 PCIe 3.0 x4 3D-NAND TLC (SKC2500M8/2000G)
03.02.2022;12:15:04;8976932;218,05;2TB Kingston KC2500 NVMe M.2 PCIe 3.0 x4 3D-NAND TLC (SKC2500M8/2000G)
03.02.2022;18:15:02;8976932;218,05;2TB Kingston KC2500 NVMe M.2 PCIe 3.0 x4 3D-NAND TLC (SKC2500M8/2000G)
27.01.2022;15:11:23;8976973;179,87;2TB Crucial P1 M.2 PCIe 3.0 x4 3D-NAND QLC (CT2000P1SSD8)
27.01.2022;18:15:03;8976973;179,87;2TB Crucial P1 M.2 PCIe 3.0 x4 3D-NAND QLC (CT2000P1SSD8)
28.01.2022;10:15:04;8976973;179,87;2TB Crucial P1 M.2 PCIe 3.0 x4 3D-NAND QLC (CT2000P1SSD8)
28.01.2022;18:15:04;8976973;179,87;2TB Crucial P1 M.2 PCIe 3.0 x4 3D-NAND QLC (CT2000P1SSD8)
29.01.2022;10:15:02;8976973;179,87;2TB Crucial P1 M.2 PCIe 3.0 x4 3D-NAND QLC (CT2000P1SSD8)
29.01.2022;20:15:03;8976973;179,87;2TB Crucial P1 M.2 PCIe 3.0 x4 3D-NAND QLC (CT2000P1SSD8)
30.01.2022;08:15:03;8976973;179,87;2TB Crucial P1 M.2 PCIe 3.0 x4 3D-NAND QLC (CT2000P1SSD8)
30.01.2022;20:15:02;8976973;179,87;2TB Crucial P1 M.2 PCIe 3.0 x4 3D-NAND QLC (CT2000P1SSD8)
31.01.2022;08:15:03;8976973;179,87;2TB Crucial P1 M.2 PCIe 3.0 x4 3D-NAND QLC (CT2000P1SSD8)
31.01.2022;20:15:04;8976973;179,87;2TB Crucial P1 M.2 PCIe 3.0 x4 3D-NAND QLC (CT2000P1SSD8)
01.02.2022;08:15:02;8976973;179,87;2TB Crucial P1 M.2 PCIe 3.0 x4 3D-NAND QLC (CT2000P1SSD8)
01.02.2022;20:15:04;8976973;179,87;2TB Crucial P1 M.2 PCIe 3.0 x4 3D-NAND QLC (CT2000P1SSD8)
02.02.2022;08:15:04;8976973;179,87;2TB Crucial P1 M.2 PCIe 3.0 x4 3D-NAND QLC (CT2000P1SSD8)
03.02.2022;08:15:03;8976973;175,91;2TB Crucial P1 M.2 PCIe 3.0 x4 3D-NAND QLC (CT2000P1SSD8)
03.02.2022;12:15:04;8976973;179,87;2TB Crucial P1 M.2 PCIe 3.0 x4 3D-NAND QLC (CT2000P1SSD8)
03.02.2022;18:15:02;8976973;179,87;2TB Crucial P1 M.2 PCIe 3.0 x4 3D-NAND QLC (CT2000P1SSD8)
27.01.2022;15:11:23;8980453;223,59;2TB ADATA XPG Spectrix S40G M.2 PCIe 3.0 x4 3D-NAND TLC (AS40G-2TT-C)
27.01.2022;18:15:03;8980453;223,59;2TB ADATA XPG Spectrix S40G M.2 PCIe 3.0 x4 3D-NAND TLC (AS40G-2TT-C)
28.01.2022;10:15:04;8980453;224,75;2TB ADATA XPG Spectrix S40G M.2 PCIe 3.0 x4 3D-NAND TLC (AS40G-2TT-C)
28.01.2022;18:15:04;8980453;224,75;2TB ADATA XPG Spectrix S40G M.2 PCIe 3.0 x4 3D-NAND TLC (AS40G-2TT-C)
29.01.2022;10:15:02;8980453;224,93;2TB ADATA XPG Spectrix S40G M.2 PCIe 3.0 x4 3D-NAND TLC (AS40G-2TT-C)
29.01.2022;20:15:03;8980453;224,93;2TB ADATA XPG Spectrix S40G M.2 PCIe 3.0 x4 3D-NAND TLC (AS40G-2TT-C)
30.01.2022;08:15:03;8980453;225,76;2TB ADATA XPG Spectrix S40G M.2 PCIe 3.0 x4 3D-NAND TLC (AS40G-2TT-C)
30.01.2022;20:15:02;8980453;225,76;2TB ADATA XPG Spectrix S40G M.2 PCIe 3.0 x4 3D-NAND TLC (AS40G-2TT-C)
31.01.2022;08:15:03;8980453;225,76;2TB ADATA XPG Spectrix S40G M.2 PCIe 3.0 x4 3D-NAND TLC (AS40G-2TT-C)
31.01.2022;20:15:04;8980453;225,76;2TB ADATA XPG Spectrix S40G M.2 PCIe 3.0 x4 3D-NAND TLC (AS40G-2TT-C)
01.02.2022;08:15:02;8980453;225,72;2TB ADATA XPG Spectrix S40G M.2 PCIe 3.0 x4 3D-NAND TLC (AS40G-2TT-C)
01.02.2022;20:15:04;8980453;224,06;2TB ADATA XPG Spectrix S40G M.2 PCIe 3.0 x4 3D-NAND TLC (AS40G-2TT-C)
02.02.2022;08:15:04;8980453;224,06;2TB ADATA XPG Spectrix S40G M.2 PCIe 3.0 x4 3D-NAND TLC (AS40G-2TT-C)
03.02.2022;08:15:03;8980453;225,76;2TB ADATA XPG Spectrix S40G M.2 PCIe 3.0 x4 3D-NAND TLC (AS40G-2TT-C)
03.02.2022;12:15:04;8980453;225,76;2TB ADATA XPG Spectrix S40G M.2 PCIe 3.0 x4 3D-NAND TLC (AS40G-2TT-C)
03.02.2022;18:15:02;8980453;225,76;2TB ADATA XPG Spectrix S40G M.2 PCIe 3.0 x4 3D-NAND TLC (AS40G-2TT-C)
27.01.2022;15:11:23;8983694;321,75;2TB Silicon Power US70 M.2 2280 PCIe 4.0 x4 3D-NAND TLC (SP02KGBP44US7005)
27.01.2022;18:15:03;8983694;321,75;2TB Silicon Power US70 M.2 2280 PCIe 4.0 x4 3D-NAND TLC (SP02KGBP44US7005)
28.01.2022;10:15:04;8983694;321,75;2TB Silicon Power US70 M.2 2280 PCIe 4.0 x4 3D-NAND TLC (SP02KGBP44US7005)
28.01.2022;18:15:04;8983694;321,75;2TB Silicon Power US70 M.2 2280 PCIe 4.0 x4 3D-NAND TLC (SP02KGBP44US7005)
29.01.2022;10:15:02;8983694;321,75;2TB Silicon Power US70 M.2 2280 PCIe 4.0 x4 3D-NAND TLC (SP02KGBP44US7005)
29.01.2022;20:15:03;8983694;321,75;2TB Silicon Power US70 M.2 2280 PCIe 4.0 x4 3D-NAND TLC (SP02KGBP44US7005)
30.01.2022;08:15:03;8983694;321,71;2TB Silicon Power US70 M.2 2280 PCIe 4.0 x4 3D-NAND TLC (SP02KGBP44US7005)
30.01.2022;20:15:02;8983694;321,75;2TB Silicon Power US70 M.2 2280 PCIe 4.0 x4 3D-NAND TLC (SP02KGBP44US7005)
31.01.2022;08:15:03;8983694;321,75;2TB Silicon Power US70 M.2 2280 PCIe 4.0 x4 3D-NAND TLC (SP02KGBP44US7005)
31.01.2022;20:15:04;8983694;321,75;2TB Silicon Power US70 M.2 2280 PCIe 4.0 x4 3D-NAND TLC (SP02KGBP44US7005)
01.02.2022;08:15:02;8983694;321,71;2TB Silicon Power US70 M.2 2280 PCIe 4.0 x4 3D-NAND TLC (SP02KGBP44US7005)
01.02.2022;20:15:04;8983694;321,75;2TB Silicon Power US70 M.2 2280 PCIe 4.0 x4 3D-NAND TLC (SP02KGBP44US7005)
02.02.2022;08:15:04;8983694;321,75;2TB Silicon Power US70 M.2 2280 PCIe 4.0 x4 3D-NAND TLC (SP02KGBP44US7005)
03.02.2022;08:15:03;8983694;337,65;2TB Silicon Power US70 M.2 2280 PCIe 4.0 x4 3D-NAND TLC (SP02KGBP44US7005)
03.02.2022;12:15:04;8983694;337,65;2TB Silicon Power US70 M.2 2280 PCIe 4.0 x4 3D-NAND TLC (SP02KGBP44US7005)
03.02.2022;18:15:02;8983694;337,65;2TB Silicon Power US70 M.2 2280 PCIe 4.0 x4 3D-NAND TLC (SP02KGBP44US7005)
27.01.2022;15:11:23;8985946;174;2TB Crucial P2 M.2 PCIe 3.0 x4 NVMe 3D-NAND QLC (CT2000P2SSD8)
27.01.2022;18:15:03;8985946;174;2TB Crucial P2 M.2 PCIe 3.0 x4 NVMe 3D-NAND QLC (CT2000P2SSD8)
28.01.2022;10:15:04;8985946;174;2TB Crucial P2 M.2 PCIe 3.0 x4 NVMe 3D-NAND QLC (CT2000P2SSD8)
28.01.2022;18:15:04;8985946;174;2TB Crucial P2 M.2 PCIe 3.0 x4 NVMe 3D-NAND QLC (CT2000P2SSD8)
29.01.2022;10:15:02;8985946;179,87;2TB Crucial P2 M.2 PCIe 3.0 x4 NVMe 3D-NAND QLC (CT2000P2SSD8)
29.01.2022;20:15:03;8985946;179,63;2TB Crucial P2 M.2 PCIe 3.0 x4 NVMe 3D-NAND QLC (CT2000P2SSD8)
30.01.2022;08:15:03;8985946;179,51;2TB Crucial P2 M.2 PCIe 3.0 x4 NVMe 3D-NAND QLC (CT2000P2SSD8)
30.01.2022;20:15:02;8985946;179,27;2TB Crucial P2 M.2 PCIe 3.0 x4 NVMe 3D-NAND QLC (CT2000P2SSD8)
31.01.2022;08:15:03;8985946;179,15;2TB Crucial P2 M.2 PCIe 3.0 x4 NVMe 3D-NAND QLC (CT2000P2SSD8)
31.01.2022;20:15:04;8985946;179,96;2TB Crucial P2 M.2 PCIe 3.0 x4 NVMe 3D-NAND QLC (CT2000P2SSD8)
01.02.2022;08:15:02;8985946;179,96;2TB Crucial P2 M.2 PCIe 3.0 x4 NVMe 3D-NAND QLC (CT2000P2SSD8)
01.02.2022;20:15:04;8985946;179,96;2TB Crucial P2 M.2 PCIe 3.0 x4 NVMe 3D-NAND QLC (CT2000P2SSD8)
02.02.2022;08:15:04;8985946;179,96;2TB Crucial P2 M.2 PCIe 3.0 x4 NVMe 3D-NAND QLC (CT2000P2SSD8)
03.02.2022;08:15:03;8985946;179,96;2TB Crucial P2 M.2 PCIe 3.0 x4 NVMe 3D-NAND QLC (CT2000P2SSD8)
03.02.2022;12:15:04;8985946;179,96;2TB Crucial P2 M.2 PCIe 3.0 x4 NVMe 3D-NAND QLC (CT2000P2SSD8)
03.02.2022;18:15:02;8985946;176,97;2TB Crucial P2 M.2 PCIe 3.0 x4 NVMe 3D-NAND QLC (CT2000P2SSD8)
27.01.2022;15:11:23;8986354;174,17;2TB ADATA Swordfish M.2 PCIe 3.0 x4 3D-NAND TLC (ASWORDFISH-2T-C)
27.01.2022;18:15:03;8986354;174,17;2TB ADATA Swordfish M.2 PCIe 3.0 x4 3D-NAND TLC (ASWORDFISH-2T-C)
28.01.2022;10:15:04;8986354;174,17;2TB ADATA Swordfish M.2 PCIe 3.0 x4 3D-NAND TLC (ASWORDFISH-2T-C)
28.01.2022;18:15:04;8986354;174,17;2TB ADATA Swordfish M.2 PCIe 3.0 x4 3D-NAND TLC (ASWORDFISH-2T-C)
29.01.2022;10:15:02;8986354;174,17;2TB ADATA Swordfish M.2 PCIe 3.0 x4 3D-NAND TLC (ASWORDFISH-2T-C)
29.01.2022;20:15:03;8986354;174,17;2TB ADATA Swordfish M.2 PCIe 3.0 x4 3D-NAND TLC (ASWORDFISH-2T-C)
30.01.2022;08:15:03;8986354;174,17;2TB ADATA Swordfish M.2 PCIe 3.0 x4 3D-NAND TLC (ASWORDFISH-2T-C)
30.01.2022;20:15:02;8986354;174,17;2TB ADATA Swordfish M.2 PCIe 3.0 x4 3D-NAND TLC (ASWORDFISH-2T-C)
31.01.2022;08:15:03;8986354;174,27;2TB ADATA Swordfish M.2 PCIe 3.0 x4 3D-NAND TLC (ASWORDFISH-2T-C)
31.01.2022;20:15:04;8986354;174,27;2TB ADATA Swordfish M.2 PCIe 3.0 x4 3D-NAND TLC (ASWORDFISH-2T-C)
01.02.2022;08:15:02;8986354;174,27;2TB ADATA Swordfish M.2 PCIe 3.0 x4 3D-NAND TLC (ASWORDFISH-2T-C)
01.02.2022;20:15:04;8986354;174,27;2TB ADATA Swordfish M.2 PCIe 3.0 x4 3D-NAND TLC (ASWORDFISH-2T-C)
02.02.2022;08:15:04;8986354;174,27;2TB ADATA Swordfish M.2 PCIe 3.0 x4 3D-NAND TLC (ASWORDFISH-2T-C)
03.02.2022;08:15:03;8986354;183,13;2TB ADATA Swordfish M.2 PCIe 3.0 x4 3D-NAND TLC (ASWORDFISH-2T-C)
03.02.2022;12:15:04;8986354;183,13;2TB ADATA Swordfish M.2 PCIe 3.0 x4 3D-NAND TLC (ASWORDFISH-2T-C)
03.02.2022;18:15:02;8986354;183,13;2TB ADATA Swordfish M.2 PCIe 3.0 x4 3D-NAND TLC (ASWORDFISH-2T-C)
27.01.2022;15:11:23;8990191;282,8;2TB ADATA XPG Gammix S50 Lite M.2 PCIe 4.0 x4 3D-NAND TLC (AGAMMIXS50L-2T-C)
27.01.2022;18:15:03;8990191;279,15;2TB ADATA XPG Gammix S50 Lite M.2 PCIe 4.0 x4 3D-NAND TLC (AGAMMIXS50L-2T-C)
28.01.2022;10:15:04;8990191;279,95;2TB ADATA XPG Gammix S50 Lite M.2 PCIe 4.0 x4 3D-NAND TLC (AGAMMIXS50L-2T-C)
28.01.2022;18:15:04;8990191;289,69;2TB ADATA XPG Gammix S50 Lite M.2 PCIe 4.0 x4 3D-NAND TLC (AGAMMIXS50L-2T-C)
29.01.2022;10:15:02;8990191;298,78;2TB ADATA XPG Gammix S50 Lite M.2 PCIe 4.0 x4 3D-NAND TLC (AGAMMIXS50L-2T-C)
29.01.2022;20:15:03;8990191;298,78;2TB ADATA XPG Gammix S50 Lite M.2 PCIe 4.0 x4 3D-NAND TLC (AGAMMIXS50L-2T-C)
30.01.2022;08:15:03;8990191;298,28;2TB ADATA XPG Gammix S50 Lite M.2 PCIe 4.0 x4 3D-NAND TLC (AGAMMIXS50L-2T-C)
30.01.2022;20:15:02;8990191;297,43;2TB ADATA XPG Gammix S50 Lite M.2 PCIe 4.0 x4 3D-NAND TLC (AGAMMIXS50L-2T-C)
31.01.2022;08:15:03;8990191;296,4;2TB ADATA XPG Gammix S50 Lite M.2 PCIe 4.0 x4 3D-NAND TLC (AGAMMIXS50L-2T-C)
31.01.2022;20:15:04;8990191;295,65;2TB ADATA XPG Gammix S50 Lite M.2 PCIe 4.0 x4 3D-NAND TLC (AGAMMIXS50L-2T-C)
01.02.2022;08:15:02;8990191;291,07;2TB ADATA XPG Gammix S50 Lite M.2 PCIe 4.0 x4 3D-NAND TLC (AGAMMIXS50L-2T-C)
01.02.2022;20:15:04;8990191;286,9;2TB ADATA XPG Gammix S50 Lite M.2 PCIe 4.0 x4 3D-NAND TLC (AGAMMIXS50L-2T-C)
02.02.2022;08:15:04;8990191;286,9;2TB ADATA XPG Gammix S50 Lite M.2 PCIe 4.0 x4 3D-NAND TLC (AGAMMIXS50L-2T-C)
03.02.2022;08:15:03;8990191;299,92;2TB ADATA XPG Gammix S50 Lite M.2 PCIe 4.0 x4 3D-NAND TLC (AGAMMIXS50L-2T-C)
03.02.2022;12:15:04;8990191;299,96;2TB ADATA XPG Gammix S50 Lite M.2 PCIe 4.0 x4 3D-NAND TLC (AGAMMIXS50L-2T-C)
03.02.2022;18:15:02;8990191;299,96;2TB ADATA XPG Gammix S50 Lite M.2 PCIe 4.0 x4 3D-NAND TLC (AGAMMIXS50L-2T-C)
27.01.2022;15:11:23;8992514;216,77;2TB EMTEC X300 M.2 PCIe 3.0 x4 3D-NAND TLC (ECSSD2TX300)
27.01.2022;18:15:03;8992514;216,77;2TB EMTEC X300 M.2 PCIe 3.0 x4 3D-NAND TLC (ECSSD2TX300)
28.01.2022;10:15:04;8992514;216,77;2TB EMTEC X300 M.2 PCIe 3.0 x4 3D-NAND TLC (ECSSD2TX300)
28.01.2022;18:15:04;8992514;216,77;2TB EMTEC X300 M.2 PCIe 3.0 x4 3D-NAND TLC (ECSSD2TX300)
29.01.2022;10:15:02;8992514;216,77;2TB EMTEC X300 M.2 PCIe 3.0 x4 3D-NAND TLC (ECSSD2TX300)
29.01.2022;20:15:03;8992514;216,77;2TB EMTEC X300 M.2 PCIe 3.0 x4 3D-NAND TLC (ECSSD2TX300)
30.01.2022;08:15:03;8992514;216,77;2TB EMTEC X300 M.2 PCIe 3.0 x4 3D-NAND TLC (ECSSD2TX300)
30.01.2022;20:15:02;8992514;216,77;2TB EMTEC X300 M.2 PCIe 3.0 x4 3D-NAND TLC (ECSSD2TX300)
31.01.2022;08:15:03;8992514;216,77;2TB EMTEC X300 M.2 PCIe 3.0 x4 3D-NAND TLC (ECSSD2TX300)
31.01.2022;20:15:04;8992514;216,77;2TB EMTEC X300 M.2 PCIe 3.0 x4 3D-NAND TLC (ECSSD2TX300)
01.02.2022;08:15:02;8992514;216,77;2TB EMTEC X300 M.2 PCIe 3.0 x4 3D-NAND TLC (ECSSD2TX300)
01.02.2022;20:15:04;8992514;216,77;2TB EMTEC X300 M.2 PCIe 3.0 x4 3D-NAND TLC (ECSSD2TX300)
02.02.2022;08:15:04;8992514;216,77;2TB EMTEC X300 M.2 PCIe 3.0 x4 3D-NAND TLC (ECSSD2TX300)
03.02.2022;08:15:03;8992514;216,77;2TB EMTEC X300 M.2 PCIe 3.0 x4 3D-NAND TLC (ECSSD2TX300)
03.02.2022;12:15:04;8992514;216,77;2TB EMTEC X300 M.2 PCIe 3.0 x4 3D-NAND TLC (ECSSD2TX300)
03.02.2022;18:15:02;8992514;216,77;2TB EMTEC X300 M.2 PCIe 3.0 x4 3D-NAND TLC (ECSSD2TX300)
27.01.2022;15:11:23;8993375;164,87;2TB WD WD Blue SN550 NVMe M.2 PCIe 3.0 x4 3D-NAND TLC (WDS200T2B0C)
27.01.2022;18:15:03;8993375;164,87;2TB WD WD Blue SN550 NVMe M.2 PCIe 3.0 x4 3D-NAND TLC (WDS200T2B0C)
28.01.2022;10:15:04;8993375;164,87;2TB WD WD Blue SN550 NVMe M.2 PCIe 3.0 x4 3D-NAND TLC (WDS200T2B0C)
28.01.2022;18:15:04;8993375;164,87;2TB WD WD Blue SN550 NVMe M.2 PCIe 3.0 x4 3D-NAND TLC (WDS200T2B0C)
29.01.2022;10:15:02;8993375;164,87;2TB WD WD Blue SN550 NVMe M.2 PCIe 3.0 x4 3D-NAND TLC (WDS200T2B0C)
29.01.2022;20:15:03;8993375;164,87;2TB WD WD Blue SN550 NVMe M.2 PCIe 3.0 x4 3D-NAND TLC (WDS200T2B0C)
30.01.2022;08:15:03;8993375;164,87;2TB WD WD Blue SN550 NVMe M.2 PCIe 3.0 x4 3D-NAND TLC (WDS200T2B0C)
30.01.2022;20:15:02;8993375;253,6;2TB WD WD Blue SN550 NVMe M.2 PCIe 3.0 x4 3D-NAND TLC (WDS200T2B0C)
31.01.2022;08:15:03;8993375;253,6;2TB WD WD Blue SN550 NVMe M.2 PCIe 3.0 x4 3D-NAND TLC (WDS200T2B0C)
31.01.2022;20:15:04;8993375;253,6;2TB WD WD Blue SN550 NVMe M.2 PCIe 3.0 x4 3D-NAND TLC (WDS200T2B0C)
01.02.2022;08:15:02;8993375;253,6;2TB WD WD Blue SN550 NVMe M.2 PCIe 3.0 x4 3D-NAND TLC (WDS200T2B0C)
01.02.2022;20:15:04;8993375;253,6;2TB WD WD Blue SN550 NVMe M.2 PCIe 3.0 x4 3D-NAND TLC (WDS200T2B0C)
02.02.2022;08:15:04;8993375;253,6;2TB WD WD Blue SN550 NVMe M.2 PCIe 3.0 x4 3D-NAND TLC (WDS200T2B0C)
03.02.2022;08:15:03;8993375;179,87;2TB WD WD Blue SN550 NVMe M.2 PCIe 3.0 x4 3D-NAND TLC (WDS200T2B0C)
03.02.2022;12:15:04;8993375;179,87;2TB WD WD Blue SN550 NVMe M.2 PCIe 3.0 x4 3D-NAND TLC (WDS200T2B0C)
03.02.2022;18:15:02;8993375;179,87;2TB WD WD Blue SN550 NVMe M.2 PCIe 3.0 x4 3D-NAND TLC (WDS200T2B0C)
27.01.2022;15:11:23;8994425;254,96;2TB ADATA XPG Gammix S11 Pro M.2 PCIe 3.0 x4 3D-NAND TLC (AGAMMIXS11P-2TT-C)
27.01.2022;18:15:03;8994425;254,96;2TB ADATA XPG Gammix S11 Pro M.2 PCIe 3.0 x4 3D-NAND TLC (AGAMMIXS11P-2TT-C)
28.01.2022;10:15:04;8994425;254,96;2TB ADATA XPG Gammix S11 Pro M.2 PCIe 3.0 x4 3D-NAND TLC (AGAMMIXS11P-2TT-C)
28.01.2022;18:15:04;8994425;254,96;2TB ADATA XPG Gammix S11 Pro M.2 PCIe 3.0 x4 3D-NAND TLC (AGAMMIXS11P-2TT-C)
29.01.2022;10:15:02;8994425;254,96;2TB ADATA XPG Gammix S11 Pro M.2 PCIe 3.0 x4 3D-NAND TLC (AGAMMIXS11P-2TT-C)
29.01.2022;20:15:03;8994425;254,96;2TB ADATA XPG Gammix S11 Pro M.2 PCIe 3.0 x4 3D-NAND TLC (AGAMMIXS11P-2TT-C)
30.01.2022;08:15:03;8994425;254,96;2TB ADATA XPG Gammix S11 Pro M.2 PCIe 3.0 x4 3D-NAND TLC (AGAMMIXS11P-2TT-C)
30.01.2022;20:15:02;8994425;254,96;2TB ADATA XPG Gammix S11 Pro M.2 PCIe 3.0 x4 3D-NAND TLC (AGAMMIXS11P-2TT-C)
31.01.2022;08:15:03;8994425;252,91;2TB ADATA XPG Gammix S11 Pro M.2 PCIe 3.0 x4 3D-NAND TLC (AGAMMIXS11P-2TT-C)
31.01.2022;20:15:04;8994425;252,91;2TB ADATA XPG Gammix S11 Pro M.2 PCIe 3.0 x4 3D-NAND TLC (AGAMMIXS11P-2TT-C)
01.02.2022;08:15:02;8994425;257,82;2TB ADATA XPG Gammix S11 Pro M.2 PCIe 3.0 x4 3D-NAND TLC (AGAMMIXS11P-2TT-C)
01.02.2022;20:15:04;8994425;264,53;2TB ADATA XPG Gammix S11 Pro M.2 PCIe 3.0 x4 3D-NAND TLC (AGAMMIXS11P-2TT-C)
02.02.2022;08:15:04;8994425;264,53;2TB ADATA XPG Gammix S11 Pro M.2 PCIe 3.0 x4 3D-NAND TLC (AGAMMIXS11P-2TT-C)
03.02.2022;08:15:03;8994425;278,38;2TB ADATA XPG Gammix S11 Pro M.2 PCIe 3.0 x4 3D-NAND TLC (AGAMMIXS11P-2TT-C)
03.02.2022;12:15:04;8994425;273,54;2TB ADATA XPG Gammix S11 Pro M.2 PCIe 3.0 x4 3D-NAND TLC (AGAMMIXS11P-2TT-C)
03.02.2022;18:15:02;8994425;273,74;2TB ADATA XPG Gammix S11 Pro M.2 PCIe 3.0 x4 3D-NAND TLC (AGAMMIXS11P-2TT-C)
27.01.2022;15:11:23;8994426;199,71;2TB ADATA XPG Gammix S5 M.2 PCIe 3.0 x4 3D-NAND TLC (AGAMMIXS5-2TT-C)
27.01.2022;18:15:03;8994426;198,65;2TB ADATA XPG Gammix S5 M.2 PCIe 3.0 x4 3D-NAND TLC (AGAMMIXS5-2TT-C)
28.01.2022;10:15:04;8994426;200,03;2TB ADATA XPG Gammix S5 M.2 PCIe 3.0 x4 3D-NAND TLC (AGAMMIXS5-2TT-C)
28.01.2022;18:15:04;8994426;200,03;2TB ADATA XPG Gammix S5 M.2 PCIe 3.0 x4 3D-NAND TLC (AGAMMIXS5-2TT-C)
29.01.2022;10:15:02;8994426;200,03;2TB ADATA XPG Gammix S5 M.2 PCIe 3.0 x4 3D-NAND TLC (AGAMMIXS5-2TT-C)
29.01.2022;20:15:03;8994426;200,03;2TB ADATA XPG Gammix S5 M.2 PCIe 3.0 x4 3D-NAND TLC (AGAMMIXS5-2TT-C)
30.01.2022;08:15:03;8994426;199,71;2TB ADATA XPG Gammix S5 M.2 PCIe 3.0 x4 3D-NAND TLC (AGAMMIXS5-2TT-C)
30.01.2022;20:15:02;8994426;200,03;2TB ADATA XPG Gammix S5 M.2 PCIe 3.0 x4 3D-NAND TLC (AGAMMIXS5-2TT-C)
31.01.2022;08:15:03;8994426;199,71;2TB ADATA XPG Gammix S5 M.2 PCIe 3.0 x4 3D-NAND TLC (AGAMMIXS5-2TT-C)
31.01.2022;20:15:04;8994426;199,97;2TB ADATA XPG Gammix S5 M.2 PCIe 3.0 x4 3D-NAND TLC (AGAMMIXS5-2TT-C)
01.02.2022;08:15:02;8994426;199,71;2TB ADATA XPG Gammix S5 M.2 PCIe 3.0 x4 3D-NAND TLC (AGAMMIXS5-2TT-C)
01.02.2022;20:15:04;8994426;198,71;2TB ADATA XPG Gammix S5 M.2 PCIe 3.0 x4 3D-NAND TLC (AGAMMIXS5-2TT-C)
02.02.2022;08:15:04;8994426;198,71;2TB ADATA XPG Gammix S5 M.2 PCIe 3.0 x4 3D-NAND TLC (AGAMMIXS5-2TT-C)
03.02.2022;08:15:03;8994426;197,44;2TB ADATA XPG Gammix S5 M.2 PCIe 3.0 x4 3D-NAND TLC (AGAMMIXS5-2TT-C)
03.02.2022;12:15:04;8994426;197,44;2TB ADATA XPG Gammix S5 M.2 PCIe 3.0 x4 3D-NAND TLC (AGAMMIXS5-2TT-C)
03.02.2022;18:15:02;8994426;202,97;2TB ADATA XPG Gammix S5 M.2 PCIe 3.0 x4 3D-NAND TLC (AGAMMIXS5-2TT-C)
27.01.2022;15:11:23;8994427;194,17;2TB ADATA XPG SX6000 Pro M.2 PCIe 3.0 x4 3D-NAND TLC (ASX6000PNP-2TT-C)
27.01.2022;18:15:03;8994427;194,37;2TB ADATA XPG SX6000 Pro M.2 PCIe 3.0 x4 3D-NAND TLC (ASX6000PNP-2TT-C)
28.01.2022;10:15:04;8994427;194,94;2TB ADATA XPG SX6000 Pro M.2 PCIe 3.0 x4 3D-NAND TLC (ASX6000PNP-2TT-C)
28.01.2022;18:15:04;8994427;193,97;2TB ADATA XPG SX6000 Pro M.2 PCIe 3.0 x4 3D-NAND TLC (ASX6000PNP-2TT-C)
29.01.2022;10:15:02;8994427;194,94;2TB ADATA XPG SX6000 Pro M.2 PCIe 3.0 x4 3D-NAND TLC (ASX6000PNP-2TT-C)
29.01.2022;20:15:03;8994427;194,94;2TB ADATA XPG SX6000 Pro M.2 PCIe 3.0 x4 3D-NAND TLC (ASX6000PNP-2TT-C)
30.01.2022;08:15:03;8994427;194,51;2TB ADATA XPG SX6000 Pro M.2 PCIe 3.0 x4 3D-NAND TLC (ASX6000PNP-2TT-C)
30.01.2022;20:15:02;8994427;194,94;2TB ADATA XPG SX6000 Pro M.2 PCIe 3.0 x4 3D-NAND TLC (ASX6000PNP-2TT-C)
31.01.2022;08:15:03;8994427;194,46;2TB ADATA XPG SX6000 Pro M.2 PCIe 3.0 x4 3D-NAND TLC (ASX6000PNP-2TT-C)
31.01.2022;20:15:04;8994427;194,94;2TB ADATA XPG SX6000 Pro M.2 PCIe 3.0 x4 3D-NAND TLC (ASX6000PNP-2TT-C)
01.02.2022;08:15:02;8994427;194,44;2TB ADATA XPG SX6000 Pro M.2 PCIe 3.0 x4 3D-NAND TLC (ASX6000PNP-2TT-C)
01.02.2022;20:15:04;8994427;194,43;2TB ADATA XPG SX6000 Pro M.2 PCIe 3.0 x4 3D-NAND TLC (ASX6000PNP-2TT-C)
02.02.2022;08:15:04;8994427;194,43;2TB ADATA XPG SX6000 Pro M.2 PCIe 3.0 x4 3D-NAND TLC (ASX6000PNP-2TT-C)
03.02.2022;08:15:03;8994427;192,27;2TB ADATA XPG SX6000 Pro M.2 PCIe 3.0 x4 3D-NAND TLC (ASX6000PNP-2TT-C)
03.02.2022;12:15:04;8994427;193,67;2TB ADATA XPG SX6000 Pro M.2 PCIe 3.0 x4 3D-NAND TLC (ASX6000PNP-2TT-C)
03.02.2022;18:15:02;8994427;194,17;2TB ADATA XPG SX6000 Pro M.2 PCIe 3.0 x4 3D-NAND TLC (ASX6000PNP-2TT-C)
27.01.2022;15:11:23;8994786;268,86;2TB LC-Power Phenom Pro M.2 PCIe 3.0 x4 3D-NAND TLC (LC-M2-NVME-PRO-2TB)
27.01.2022;18:15:03;8994786;268,86;2TB LC-Power Phenom Pro M.2 PCIe 3.0 x4 3D-NAND TLC (LC-M2-NVME-PRO-2TB)
28.01.2022;10:15:04;8994786;268,86;2TB LC-Power Phenom Pro M.2 PCIe 3.0 x4 3D-NAND TLC (LC-M2-NVME-PRO-2TB)
28.01.2022;18:15:04;8994786;258,77;2TB LC-Power Phenom Pro M.2 PCIe 3.0 x4 3D-NAND TLC (LC-M2-NVME-PRO-2TB)
29.01.2022;10:15:02;8994786;247,72;2TB LC-Power Phenom Pro M.2 PCIe 3.0 x4 3D-NAND TLC (LC-M2-NVME-PRO-2TB)
29.01.2022;20:15:03;8994786;247,72;2TB LC-Power Phenom Pro M.2 PCIe 3.0 x4 3D-NAND TLC (LC-M2-NVME-PRO-2TB)
30.01.2022;08:15:03;8994786;247,72;2TB LC-Power Phenom Pro M.2 PCIe 3.0 x4 3D-NAND TLC (LC-M2-NVME-PRO-2TB)
30.01.2022;20:15:02;8994786;247,72;2TB LC-Power Phenom Pro M.2 PCIe 3.0 x4 3D-NAND TLC (LC-M2-NVME-PRO-2TB)
31.01.2022;08:15:03;8994786;247,72;2TB LC-Power Phenom Pro M.2 PCIe 3.0 x4 3D-NAND TLC (LC-M2-NVME-PRO-2TB)
31.01.2022;20:15:04;8994786;247,72;2TB LC-Power Phenom Pro M.2 PCIe 3.0 x4 3D-NAND TLC (LC-M2-NVME-PRO-2TB)
01.02.2022;08:15:02;8994786;247,72;2TB LC-Power Phenom Pro M.2 PCIe 3.0 x4 3D-NAND TLC (LC-M2-NVME-PRO-2TB)
01.02.2022;20:15:04;8994786;247,72;2TB LC-Power Phenom Pro M.2 PCIe 3.0 x4 3D-NAND TLC (LC-M2-NVME-PRO-2TB)
02.02.2022;08:15:04;8994786;247,72;2TB LC-Power Phenom Pro M.2 PCIe 3.0 x4 3D-NAND TLC (LC-M2-NVME-PRO-2TB)
03.02.2022;08:15:03;8994786;247,72;2TB LC-Power Phenom Pro M.2 PCIe 3.0 x4 3D-NAND TLC (LC-M2-NVME-PRO-2TB)
03.02.2022;12:15:04;8994786;247,72;2TB LC-Power Phenom Pro M.2 PCIe 3.0 x4 3D-NAND TLC (LC-M2-NVME-PRO-2TB)
03.02.2022;18:15:02;8994786;247,72;2TB LC-Power Phenom Pro M.2 PCIe 3.0 x4 3D-NAND TLC (LC-M2-NVME-PRO-2TB)
27.01.2022;15:11:23;8997381;533,17;2TB WD WD BLACK SN850 NVMe M.2 PCIe 4.0 x4 3D-NAND TLC (WDBAPY0020BNC-WRSN)
27.01.2022;18:15:03;8997381;533,17;2TB WD WD BLACK SN850 NVMe M.2 PCIe 4.0 x4 3D-NAND TLC (WDBAPY0020BNC-WRSN)
28.01.2022;10:15:04;8997381;533,17;2TB WD WD BLACK SN850 NVMe M.2 PCIe 4.0 x4 3D-NAND TLC (WDBAPY0020BNC-WRSN)
28.01.2022;18:15:04;8997381;533,17;2TB WD WD BLACK SN850 NVMe M.2 PCIe 4.0 x4 3D-NAND TLC (WDBAPY0020BNC-WRSN)
29.01.2022;10:15:02;8997381;533,17;2TB WD WD BLACK SN850 NVMe M.2 PCIe 4.0 x4 3D-NAND TLC (WDBAPY0020BNC-WRSN)
29.01.2022;20:15:03;8997381;533,17;2TB WD WD BLACK SN850 NVMe M.2 PCIe 4.0 x4 3D-NAND TLC (WDBAPY0020BNC-WRSN)
30.01.2022;08:15:03;8997381;533,17;2TB WD WD BLACK SN850 NVMe M.2 PCIe 4.0 x4 3D-NAND TLC (WDBAPY0020BNC-WRSN)
30.01.2022;20:15:02;8997381;533,17;2TB WD WD BLACK SN850 NVMe M.2 PCIe 4.0 x4 3D-NAND TLC (WDBAPY0020BNC-WRSN)
31.01.2022;08:15:03;8997381;533,17;2TB WD WD BLACK SN850 NVMe M.2 PCIe 4.0 x4 3D-NAND TLC (WDBAPY0020BNC-WRSN)
31.01.2022;20:15:04;8997381;533,17;2TB WD WD BLACK SN850 NVMe M.2 PCIe 4.0 x4 3D-NAND TLC (WDBAPY0020BNC-WRSN)
01.02.2022;08:15:02;8997381;543,68;2TB WD WD BLACK SN850 NVMe M.2 PCIe 4.0 x4 3D-NAND TLC (WDBAPY0020BNC-WRSN)
01.02.2022;20:15:04;8997381;543,68;2TB WD WD BLACK SN850 NVMe M.2 PCIe 4.0 x4 3D-NAND TLC (WDBAPY0020BNC-WRSN)
02.02.2022;08:15:04;8997381;543,68;2TB WD WD BLACK SN850 NVMe M.2 PCIe 4.0 x4 3D-NAND TLC (WDBAPY0020BNC-WRSN)
03.02.2022;08:15:03;8997381;543,68;2TB WD WD BLACK SN850 NVMe M.2 PCIe 4.0 x4 3D-NAND TLC (WDBAPY0020BNC-WRSN)
03.02.2022;12:15:04;8997381;543,68;2TB WD WD BLACK SN850 NVMe M.2 PCIe 4.0 x4 3D-NAND TLC (WDBAPY0020BNC-WRSN)
03.02.2022;18:15:02;8997381;543,68;2TB WD WD BLACK SN850 NVMe M.2 PCIe 4.0 x4 3D-NAND TLC (WDBAPY0020BNC-WRSN)
27.01.2022;15:11:23;8997534;278,07;2TB ADATA XPG Gammix S70 M.2 PCIe 4.0 x4 3D-NAND TLC (AGAMMIXS70-2T-C)
27.01.2022;18:15:03;8997534;285,16;2TB ADATA XPG Gammix S70 M.2 PCIe 4.0 x4 3D-NAND TLC (AGAMMIXS70-2T-C)
28.01.2022;10:15:04;8997534;284,65;2TB ADATA XPG Gammix S70 M.2 PCIe 4.0 x4 3D-NAND TLC (AGAMMIXS70-2T-C)
28.01.2022;18:15:04;8997534;284,1;2TB ADATA XPG Gammix S70 M.2 PCIe 4.0 x4 3D-NAND TLC (AGAMMIXS70-2T-C)
29.01.2022;10:15:02;8997534;283,87;2TB ADATA XPG Gammix S70 M.2 PCIe 4.0 x4 3D-NAND TLC (AGAMMIXS70-2T-C)
29.01.2022;20:15:03;8997534;282,17;2TB ADATA XPG Gammix S70 M.2 PCIe 4.0 x4 3D-NAND TLC (AGAMMIXS70-2T-C)
30.01.2022;08:15:03;8997534;281,77;2TB ADATA XPG Gammix S70 M.2 PCIe 4.0 x4 3D-NAND TLC (AGAMMIXS70-2T-C)
30.01.2022;20:15:02;8997534;278,77;2TB ADATA XPG Gammix S70 M.2 PCIe 4.0 x4 3D-NAND TLC (AGAMMIXS70-2T-C)
31.01.2022;08:15:03;8997534;282,07;2TB ADATA XPG Gammix S70 M.2 PCIe 4.0 x4 3D-NAND TLC (AGAMMIXS70-2T-C)
31.01.2022;20:15:04;8997534;278,07;2TB ADATA XPG Gammix S70 M.2 PCIe 4.0 x4 3D-NAND TLC (AGAMMIXS70-2T-C)
01.02.2022;08:15:02;8997534;282,17;2TB ADATA XPG Gammix S70 M.2 PCIe 4.0 x4 3D-NAND TLC (AGAMMIXS70-2T-C)
01.02.2022;20:15:04;8997534;282,17;2TB ADATA XPG Gammix S70 M.2 PCIe 4.0 x4 3D-NAND TLC (AGAMMIXS70-2T-C)
02.02.2022;08:15:04;8997534;282,17;2TB ADATA XPG Gammix S70 M.2 PCIe 4.0 x4 3D-NAND TLC (AGAMMIXS70-2T-C)
03.02.2022;08:15:03;8997534;281,47;2TB ADATA XPG Gammix S70 M.2 PCIe 4.0 x4 3D-NAND TLC (AGAMMIXS70-2T-C)
03.02.2022;12:15:04;8997534;281,47;2TB ADATA XPG Gammix S70 M.2 PCIe 4.0 x4 3D-NAND TLC (AGAMMIXS70-2T-C)
03.02.2022;18:15:02;8997534;281,47;2TB ADATA XPG Gammix S70 M.2 PCIe 4.0 x4 3D-NAND TLC (AGAMMIXS70-2T-C)
27.01.2022;15:11:23;9000188;445,17;2TB WD Black SN850 NVMe SSD M.2 PCIe 4.0 x4 3D-NAND TLC (WDS200T1XHE)
27.01.2022;18:15:03;9000188;445,17;2TB WD Black SN850 NVMe SSD M.2 PCIe 4.0 x4 3D-NAND TLC (WDS200T1XHE)
28.01.2022;10:15:04;9000188;445,17;2TB WD Black SN850 NVMe SSD M.2 PCIe 4.0 x4 3D-NAND TLC (WDS200T1XHE)
28.01.2022;18:15:04;9000188;445,17;2TB WD Black SN850 NVMe SSD M.2 PCIe 4.0 x4 3D-NAND TLC (WDS200T1XHE)
29.01.2022;10:15:02;9000188;445,17;2TB WD Black SN850 NVMe SSD M.2 PCIe 4.0 x4 3D-NAND TLC (WDS200T1XHE)
29.01.2022;20:15:03;9000188;445,17;2TB WD Black SN850 NVMe SSD M.2 PCIe 4.0 x4 3D-NAND TLC (WDS200T1XHE)
30.01.2022;08:15:03;9000188;445,17;2TB WD Black SN850 NVMe SSD M.2 PCIe 4.0 x4 3D-NAND TLC (WDS200T1XHE)
30.01.2022;20:15:02;9000188;445,17;2TB WD Black SN850 NVMe SSD M.2 PCIe 4.0 x4 3D-NAND TLC (WDS200T1XHE)
31.01.2022;08:15:03;9000188;445,17;2TB WD Black SN850 NVMe SSD M.2 PCIe 4.0 x4 3D-NAND TLC (WDS200T1XHE)
31.01.2022;20:15:04;9000188;445,17;2TB WD Black SN850 NVMe SSD M.2 PCIe 4.0 x4 3D-NAND TLC (WDS200T1XHE)
01.02.2022;08:15:02;9000188;445,17;2TB WD Black SN850 NVMe SSD M.2 PCIe 4.0 x4 3D-NAND TLC (WDS200T1XHE)
01.02.2022;20:15:04;9000188;445,17;2TB WD Black SN850 NVMe SSD M.2 PCIe 4.0 x4 3D-NAND TLC (WDS200T1XHE)
02.02.2022;08:15:04;9000188;445,17;2TB WD Black SN850 NVMe SSD M.2 PCIe 4.0 x4 3D-NAND TLC (WDS200T1XHE)
03.02.2022;08:15:03;9000188;442,43;2TB WD Black SN850 NVMe SSD M.2 PCIe 4.0 x4 3D-NAND TLC (WDS200T1XHE)
03.02.2022;12:15:04;9000188;442,43;2TB WD Black SN850 NVMe SSD M.2 PCIe 4.0 x4 3D-NAND TLC (WDS200T1XHE)
03.02.2022;18:15:02;9000188;442,43;2TB WD Black SN850 NVMe SSD M.2 PCIe 4.0 x4 3D-NAND TLC (WDS200T1XHE)
27.01.2022;15:11:23;9000658;237;2TB Corsair Force Series MP600 Core M.2 PCIe 4.0 x4 3D-NAND QLC (CSSD-F2000GBMP600COR)
27.01.2022;18:15:03;9000658;237;2TB Corsair Force Series MP600 Core M.2 PCIe 4.0 x4 3D-NAND QLC (CSSD-F2000GBMP600COR)
28.01.2022;10:15:04;9000658;237;2TB Corsair Force Series MP600 Core M.2 PCIe 4.0 x4 3D-NAND QLC (CSSD-F2000GBMP600COR)
28.01.2022;18:15:04;9000658;237;2TB Corsair Force Series MP600 Core M.2 PCIe 4.0 x4 3D-NAND QLC (CSSD-F2000GBMP600COR)
29.01.2022;10:15:02;9000658;237;2TB Corsair Force Series MP600 Core M.2 PCIe 4.0 x4 3D-NAND QLC (CSSD-F2000GBMP600COR)
29.01.2022;20:15:03;9000658;237;2TB Corsair Force Series MP600 Core M.2 PCIe 4.0 x4 3D-NAND QLC (CSSD-F2000GBMP600COR)
30.01.2022;08:15:03;9000658;237;2TB Corsair Force Series MP600 Core M.2 PCIe 4.0 x4 3D-NAND QLC (CSSD-F2000GBMP600COR)
30.01.2022;20:15:02;9000658;237;2TB Corsair Force Series MP600 Core M.2 PCIe 4.0 x4 3D-NAND QLC (CSSD-F2000GBMP600COR)
31.01.2022;08:15:03;9000658;237;2TB Corsair Force Series MP600 Core M.2 PCIe 4.0 x4 3D-NAND QLC (CSSD-F2000GBMP600COR)
31.01.2022;20:15:04;9000658;237;2TB Corsair Force Series MP600 Core M.2 PCIe 4.0 x4 3D-NAND QLC (CSSD-F2000GBMP600COR)
01.02.2022;08:15:02;9000658;237;2TB Corsair Force Series MP600 Core M.2 PCIe 4.0 x4 3D-NAND QLC (CSSD-F2000GBMP600COR)
01.02.2022;20:15:04;9000658;237;2TB Corsair Force Series MP600 Core M.2 PCIe 4.0 x4 3D-NAND QLC (CSSD-F2000GBMP600COR)
02.02.2022;08:15:04;9000658;237;2TB Corsair Force Series MP600 Core M.2 PCIe 4.0 x4 3D-NAND QLC (CSSD-F2000GBMP600COR)
03.02.2022;08:15:03;9000658;237;2TB Corsair Force Series MP600 Core M.2 PCIe 4.0 x4 3D-NAND QLC (CSSD-F2000GBMP600COR)
03.02.2022;12:15:04;9000658;237;2TB Corsair Force Series MP600 Core M.2 PCIe 4.0 x4 3D-NAND QLC (CSSD-F2000GBMP600COR)
03.02.2022;18:15:02;9000658;228;2TB Corsair Force Series MP600 Core M.2 PCIe 4.0 x4 3D-NAND QLC (CSSD-F2000GBMP600COR)
27.01.2022;15:11:23;9000662;173,95;2TB Seagate BarraCuda Q5 SSD M.2 PCIe 3.0 x4 3D-NAND QLC (ZP2000CV3A001)
27.01.2022;18:15:03;9000662;173,87;2TB Seagate BarraCuda Q5 SSD M.2 PCIe 3.0 x4 3D-NAND QLC (ZP2000CV3A001)
28.01.2022;10:15:04;9000662;173,87;2TB Seagate BarraCuda Q5 SSD M.2 PCIe 3.0 x4 3D-NAND QLC (ZP2000CV3A001)
28.01.2022;18:15:04;9000662;173,87;2TB Seagate BarraCuda Q5 SSD M.2 PCIe 3.0 x4 3D-NAND QLC (ZP2000CV3A001)
29.01.2022;10:15:02;9000662;173,77;2TB Seagate BarraCuda Q5 SSD M.2 PCIe 3.0 x4 3D-NAND QLC (ZP2000CV3A001)
29.01.2022;20:15:03;9000662;173,93;2TB Seagate BarraCuda Q5 SSD M.2 PCIe 3.0 x4 3D-NAND QLC (ZP2000CV3A001)
30.01.2022;08:15:03;9000662;173,87;2TB Seagate BarraCuda Q5 SSD M.2 PCIe 3.0 x4 3D-NAND QLC (ZP2000CV3A001)
30.01.2022;20:15:02;9000662;173,87;2TB Seagate BarraCuda Q5 SSD M.2 PCIe 3.0 x4 3D-NAND QLC (ZP2000CV3A001)
31.01.2022;08:15:03;9000662;178,87;2TB Seagate BarraCuda Q5 SSD M.2 PCIe 3.0 x4 3D-NAND QLC (ZP2000CV3A001)
31.01.2022;20:15:04;9000662;173,87;2TB Seagate BarraCuda Q5 SSD M.2 PCIe 3.0 x4 3D-NAND QLC (ZP2000CV3A001)
01.02.2022;08:15:02;9000662;173,87;2TB Seagate BarraCuda Q5 SSD M.2 PCIe 3.0 x4 3D-NAND QLC (ZP2000CV3A001)
01.02.2022;20:15:04;9000662;173,87;2TB Seagate BarraCuda Q5 SSD M.2 PCIe 3.0 x4 3D-NAND QLC (ZP2000CV3A001)
02.02.2022;08:15:04;9000662;173,87;2TB Seagate BarraCuda Q5 SSD M.2 PCIe 3.0 x4 3D-NAND QLC (ZP2000CV3A001)
03.02.2022;08:15:03;9000662;173,87;2TB Seagate BarraCuda Q5 SSD M.2 PCIe 3.0 x4 3D-NAND QLC (ZP2000CV3A001)
03.02.2022;12:15:04;9000662;173,93;2TB Seagate BarraCuda Q5 SSD M.2 PCIe 3.0 x4 3D-NAND QLC (ZP2000CV3A001)
03.02.2022;18:15:02;9000662;173,87;2TB Seagate BarraCuda Q5 SSD M.2 PCIe 3.0 x4 3D-NAND QLC (ZP2000CV3A001)
27.01.2022;15:11:23;9000956;377,27;2TB Corsair Force Series MP600 Pro M.2 PCIe 4.0 x4 3D-NAND TLC (CSSD-F2000GBMP600HXE)
27.01.2022;18:15:03;9000956;376,37;2TB Corsair Force Series MP600 Pro M.2 PCIe 4.0 x4 3D-NAND TLC (CSSD-F2000GBMP600HXE)
28.01.2022;10:15:04;9000956;376,27;2TB Corsair Force Series MP600 Pro M.2 PCIe 4.0 x4 3D-NAND TLC (CSSD-F2000GBMP600HXE)
28.01.2022;18:15:04;9000956;376,27;2TB Corsair Force Series MP600 Pro M.2 PCIe 4.0 x4 3D-NAND TLC (CSSD-F2000GBMP600HXE)
29.01.2022;10:15:02;9000956;377,07;2TB Corsair Force Series MP600 Pro M.2 PCIe 4.0 x4 3D-NAND TLC (CSSD-F2000GBMP600HXE)
29.01.2022;20:15:03;9000956;375,11;2TB Corsair Force Series MP600 Pro M.2 PCIe 4.0 x4 3D-NAND TLC (CSSD-F2000GBMP600HXE)
30.01.2022;08:15:03;9000956;377,01;2TB Corsair Force Series MP600 Pro M.2 PCIe 4.0 x4 3D-NAND TLC (CSSD-F2000GBMP600HXE)
30.01.2022;20:15:02;9000956;376,27;2TB Corsair Force Series MP600 Pro M.2 PCIe 4.0 x4 3D-NAND TLC (CSSD-F2000GBMP600HXE)
31.01.2022;08:15:03;9000956;376,3;2TB Corsair Force Series MP600 Pro M.2 PCIe 4.0 x4 3D-NAND TLC (CSSD-F2000GBMP600HXE)
31.01.2022;20:15:04;9000956;377,57;2TB Corsair Force Series MP600 Pro M.2 PCIe 4.0 x4 3D-NAND TLC (CSSD-F2000GBMP600HXE)
01.02.2022;08:15:02;9000956;377,53;2TB Corsair Force Series MP600 Pro M.2 PCIe 4.0 x4 3D-NAND TLC (CSSD-F2000GBMP600HXE)
01.02.2022;20:15:04;9000956;377,07;2TB Corsair Force Series MP600 Pro M.2 PCIe 4.0 x4 3D-NAND TLC (CSSD-F2000GBMP600HXE)
02.02.2022;08:15:04;9000956;377,07;2TB Corsair Force Series MP600 Pro M.2 PCIe 4.0 x4 3D-NAND TLC (CSSD-F2000GBMP600HXE)
03.02.2022;08:15:03;9000956;377,52;2TB Corsair Force Series MP600 Pro M.2 PCIe 4.0 x4 3D-NAND TLC (CSSD-F2000GBMP600HXE)
03.02.2022;12:15:04;9000956;375,25;2TB Corsair Force Series MP600 Pro M.2 PCIe 4.0 x4 3D-NAND TLC (CSSD-F2000GBMP600HXE)
03.02.2022;18:15:02;9000956;377,57;2TB Corsair Force Series MP600 Pro M.2 PCIe 4.0 x4 3D-NAND TLC (CSSD-F2000GBMP600HXE)
27.01.2022;15:11:23;9005887;215,87;2TB Patriot P300 M.2 PCIe 3.0 x4 3D-NAND TLC (P300P2TBM28)
27.01.2022;18:15:03;9005887;215,87;2TB Patriot P300 M.2 PCIe 3.0 x4 3D-NAND TLC (P300P2TBM28)
28.01.2022;10:15:04;9005887;215,87;2TB Patriot P300 M.2 PCIe 3.0 x4 3D-NAND TLC (P300P2TBM28)
28.01.2022;18:15:04;9005887;215,87;2TB Patriot P300 M.2 PCIe 3.0 x4 3D-NAND TLC (P300P2TBM28)
29.01.2022;10:15:02;9005887;215,87;2TB Patriot P300 M.2 PCIe 3.0 x4 3D-NAND TLC (P300P2TBM28)
29.01.2022;20:15:03;9005887;215,87;2TB Patriot P300 M.2 PCIe 3.0 x4 3D-NAND TLC (P300P2TBM28)
30.01.2022;08:15:03;9005887;215,87;2TB Patriot P300 M.2 PCIe 3.0 x4 3D-NAND TLC (P300P2TBM28)
30.01.2022;20:15:02;9005887;215,87;2TB Patriot P300 M.2 PCIe 3.0 x4 3D-NAND TLC (P300P2TBM28)
31.01.2022;08:15:03;9005887;215,87;2TB Patriot P300 M.2 PCIe 3.0 x4 3D-NAND TLC (P300P2TBM28)
31.01.2022;20:15:04;9005887;215,87;2TB Patriot P300 M.2 PCIe 3.0 x4 3D-NAND TLC (P300P2TBM28)
01.02.2022;08:15:02;9005887;215,87;2TB Patriot P300 M.2 PCIe 3.0 x4 3D-NAND TLC (P300P2TBM28)
01.02.2022;20:15:04;9005887;215,87;2TB Patriot P300 M.2 PCIe 3.0 x4 3D-NAND TLC (P300P2TBM28)
02.02.2022;08:15:04;9005887;215,87;2TB Patriot P300 M.2 PCIe 3.0 x4 3D-NAND TLC (P300P2TBM28)
03.02.2022;08:15:03;9005887;215,87;2TB Patriot P300 M.2 PCIe 3.0 x4 3D-NAND TLC (P300P2TBM28)
03.02.2022;12:15:04;9005887;215,87;2TB Patriot P300 M.2 PCIe 3.0 x4 3D-NAND TLC (P300P2TBM28)
03.02.2022;18:15:02;9005887;215,87;2TB Patriot P300 M.2 PCIe 3.0 x4 3D-NAND TLC (P300P2TBM28)
27.01.2022;15:11:23;9010873;153,47;2TB Kingston NV1 M.2 PCIe 3.0 x4 3D-NAND TLC (SNVS/2000G)
27.01.2022;18:15:03;9010873;156,47;2TB Kingston NV1 M.2 PCIe 3.0 x4 3D-NAND TLC (SNVS/2000G)
28.01.2022;10:15:04;9010873;155,97;2TB Kingston NV1 M.2 PCIe 3.0 x4 3D-NAND TLC (SNVS/2000G)
28.01.2022;18:15:04;9010873;155,88;2TB Kingston NV1 M.2 PCIe 3.0 x4 3D-NAND TLC (SNVS/2000G)
29.01.2022;10:15:02;9010873;155,67;2TB Kingston NV1 M.2 PCIe 3.0 x4 3D-NAND TLC (SNVS/2000G)
29.01.2022;20:15:03;9010873;155,61;2TB Kingston NV1 M.2 PCIe 3.0 x4 3D-NAND TLC (SNVS/2000G)
30.01.2022;08:15:03;9010873;155,57;2TB Kingston NV1 M.2 PCIe 3.0 x4 3D-NAND TLC (SNVS/2000G)
30.01.2022;20:15:02;9010873;157,17;2TB Kingston NV1 M.2 PCIe 3.0 x4 3D-NAND TLC (SNVS/2000G)
31.01.2022;08:15:03;9010873;157,07;2TB Kingston NV1 M.2 PCIe 3.0 x4 3D-NAND TLC (SNVS/2000G)
31.01.2022;20:15:04;9010873;156,84;2TB Kingston NV1 M.2 PCIe 3.0 x4 3D-NAND TLC (SNVS/2000G)
01.02.2022;08:15:02;9010873;156,8;2TB Kingston NV1 M.2 PCIe 3.0 x4 3D-NAND TLC (SNVS/2000G)
01.02.2022;20:15:04;9010873;155,56;2TB Kingston NV1 M.2 PCIe 3.0 x4 3D-NAND TLC (SNVS/2000G)
02.02.2022;08:15:04;9010873;155,56;2TB Kingston NV1 M.2 PCIe 3.0 x4 3D-NAND TLC (SNVS/2000G)
03.02.2022;08:15:03;9010873;155,39;2TB Kingston NV1 M.2 PCIe 3.0 x4 3D-NAND TLC (SNVS/2000G)
03.02.2022;12:15:04;9010873;155,35;2TB Kingston NV1 M.2 PCIe 3.0 x4 3D-NAND TLC (SNVS/2000G)
03.02.2022;18:15:02;9010873;155,17;2TB Kingston NV1 M.2 PCIe 3.0 x4 3D-NAND TLC (SNVS/2000G)
27.01.2022;15:11:23;9016457;385,61;2TB PNY XLR8 CS3140 M.2 PCIe 4.0 x4 3D-NAND TLC (M280CS3140-2TB-RB)
27.01.2022;18:15:03;9016457;385,36;2TB PNY XLR8 CS3140 M.2 PCIe 4.0 x4 3D-NAND TLC (M280CS3140-2TB-RB)
28.01.2022;10:15:04;9016457;384,91;2TB PNY XLR8 CS3140 M.2 PCIe 4.0 x4 3D-NAND TLC (M280CS3140-2TB-RB)
28.01.2022;18:15:04;9016457;384,36;2TB PNY XLR8 CS3140 M.2 PCIe 4.0 x4 3D-NAND TLC (M280CS3140-2TB-RB)
29.01.2022;10:15:02;9016457;383,61;2TB PNY XLR8 CS3140 M.2 PCIe 4.0 x4 3D-NAND TLC (M280CS3140-2TB-RB)
29.01.2022;20:15:03;9016457;388,81;2TB PNY XLR8 CS3140 M.2 PCIe 4.0 x4 3D-NAND TLC (M280CS3140-2TB-RB)
30.01.2022;08:15:03;9016457;388,31;2TB PNY XLR8 CS3140 M.2 PCIe 4.0 x4 3D-NAND TLC (M280CS3140-2TB-RB)
30.01.2022;20:15:02;9016457;387,46;2TB PNY XLR8 CS3140 M.2 PCIe 4.0 x4 3D-NAND TLC (M280CS3140-2TB-RB)
31.01.2022;08:15:03;9016457;387,01;2TB PNY XLR8 CS3140 M.2 PCIe 4.0 x4 3D-NAND TLC (M280CS3140-2TB-RB)
31.01.2022;20:15:04;9016457;386,21;2TB PNY XLR8 CS3140 M.2 PCIe 4.0 x4 3D-NAND TLC (M280CS3140-2TB-RB)
01.02.2022;08:15:02;9016457;400,94;2TB PNY XLR8 CS3140 M.2 PCIe 4.0 x4 3D-NAND TLC (M280CS3140-2TB-RB)
01.02.2022;20:15:04;9016457;447,97;2TB PNY XLR8 CS3140 M.2 PCIe 4.0 x4 3D-NAND TLC (M280CS3140-2TB-RB)
02.02.2022;08:15:04;9016457;447,97;2TB PNY XLR8 CS3140 M.2 PCIe 4.0 x4 3D-NAND TLC (M280CS3140-2TB-RB)
03.02.2022;08:15:03;9016457;385,76;2TB PNY XLR8 CS3140 M.2 PCIe 4.0 x4 3D-NAND TLC (M280CS3140-2TB-RB)
03.02.2022;12:15:04;9016457;385,76;2TB PNY XLR8 CS3140 M.2 PCIe 4.0 x4 3D-NAND TLC (M280CS3140-2TB-RB)
03.02.2022;18:15:02;9016457;383,87;2TB PNY XLR8 CS3140 M.2 PCIe 4.0 x4 3D-NAND TLC (M280CS3140-2TB-RB)
27.01.2022;15:11:23;9016460;249,22;2TB PNY CS3040 M.2 PCIe 4.0 x4 3D-NAND TLC (M280CS3040-2TB-RB)
27.01.2022;18:15:03;9016460;249,22;2TB PNY CS3040 M.2 PCIe 4.0 x4 3D-NAND TLC (M280CS3040-2TB-RB)
28.01.2022;10:15:04;9016460;249,22;2TB PNY CS3040 M.2 PCIe 4.0 x4 3D-NAND TLC (M280CS3040-2TB-RB)
28.01.2022;18:15:04;9016460;249,22;2TB PNY CS3040 M.2 PCIe 4.0 x4 3D-NAND TLC (M280CS3040-2TB-RB)
29.01.2022;10:15:02;9016460;249,22;2TB PNY CS3040 M.2 PCIe 4.0 x4 3D-NAND TLC (M280CS3040-2TB-RB)
29.01.2022;20:15:03;9016460;249,22;2TB PNY CS3040 M.2 PCIe 4.0 x4 3D-NAND TLC (M280CS3040-2TB-RB)
30.01.2022;08:15:03;9016460;249,22;2TB PNY CS3040 M.2 PCIe 4.0 x4 3D-NAND TLC (M280CS3040-2TB-RB)
30.01.2022;20:15:02;9016460;249,22;2TB PNY CS3040 M.2 PCIe 4.0 x4 3D-NAND TLC (M280CS3040-2TB-RB)
31.01.2022;08:15:03;9016460;249,22;2TB PNY CS3040 M.2 PCIe 4.0 x4 3D-NAND TLC (M280CS3040-2TB-RB)
31.01.2022;20:15:04;9016460;249,22;2TB PNY CS3040 M.2 PCIe 4.0 x4 3D-NAND TLC (M280CS3040-2TB-RB)
01.02.2022;08:15:02;9016460;249,22;2TB PNY CS3040 M.2 PCIe 4.0 x4 3D-NAND TLC (M280CS3040-2TB-RB)
01.02.2022;20:15:04;9016460;255,16;2TB PNY CS3040 M.2 PCIe 4.0 x4 3D-NAND TLC (M280CS3040-2TB-RB)
02.02.2022;08:15:04;9016460;255,16;2TB PNY CS3040 M.2 PCIe 4.0 x4 3D-NAND TLC (M280CS3040-2TB-RB)
03.02.2022;08:15:03;9016460;249,22;2TB PNY CS3040 M.2 PCIe 4.0 x4 3D-NAND TLC (M280CS3040-2TB-RB)
03.02.2022;12:15:04;9016460;249,22;2TB PNY CS3040 M.2 PCIe 4.0 x4 3D-NAND TLC (M280CS3040-2TB-RB)
03.02.2022;18:15:02;9016460;249,22;2TB PNY CS3040 M.2 PCIe 4.0 x4 3D-NAND TLC (M280CS3040-2TB-RB)
27.01.2022;15:11:23;9016463;296,27;2TB PNY CS3040 M.2 PCIe 4.0 x4 3D-NAND TLC (M280CS3040HS-2TB-RB)
27.01.2022;18:15:03;9016463;296,26;2TB PNY CS3040 M.2 PCIe 4.0 x4 3D-NAND TLC (M280CS3040HS-2TB-RB)
28.01.2022;10:15:04;9016463;296,26;2TB PNY CS3040 M.2 PCIe 4.0 x4 3D-NAND TLC (M280CS3040HS-2TB-RB)
28.01.2022;18:15:04;9016463;296,27;2TB PNY CS3040 M.2 PCIe 4.0 x4 3D-NAND TLC (M280CS3040HS-2TB-RB)
29.01.2022;10:15:02;9016463;296,77;2TB PNY CS3040 M.2 PCIe 4.0 x4 3D-NAND TLC (M280CS3040HS-2TB-RB)
29.01.2022;20:15:03;9016463;296,76;2TB PNY CS3040 M.2 PCIe 4.0 x4 3D-NAND TLC (M280CS3040HS-2TB-RB)
30.01.2022;08:15:03;9016463;296,72;2TB PNY CS3040 M.2 PCIe 4.0 x4 3D-NAND TLC (M280CS3040HS-2TB-RB)
30.01.2022;20:15:02;9016463;296,76;2TB PNY CS3040 M.2 PCIe 4.0 x4 3D-NAND TLC (M280CS3040HS-2TB-RB)
31.01.2022;08:15:03;9016463;296,76;2TB PNY CS3040 M.2 PCIe 4.0 x4 3D-NAND TLC (M280CS3040HS-2TB-RB)
31.01.2022;20:15:04;9016463;296,76;2TB PNY CS3040 M.2 PCIe 4.0 x4 3D-NAND TLC (M280CS3040HS-2TB-RB)
01.02.2022;08:15:02;9016463;296,72;2TB PNY CS3040 M.2 PCIe 4.0 x4 3D-NAND TLC (M280CS3040HS-2TB-RB)
01.02.2022;20:15:04;9016463;284,97;2TB PNY CS3040 M.2 PCIe 4.0 x4 3D-NAND TLC (M280CS3040HS-2TB-RB)
02.02.2022;08:15:04;9016463;284,97;2TB PNY CS3040 M.2 PCIe 4.0 x4 3D-NAND TLC (M280CS3040HS-2TB-RB)
03.02.2022;08:15:03;9016463;284,93;2TB PNY CS3040 M.2 PCIe 4.0 x4 3D-NAND TLC (M280CS3040HS-2TB-RB)
03.02.2022;12:15:04;9016463;284,97;2TB PNY CS3040 M.2 PCIe 4.0 x4 3D-NAND TLC (M280CS3040HS-2TB-RB)
03.02.2022;18:15:02;9016463;284,97;2TB PNY CS3040 M.2 PCIe 4.0 x4 3D-NAND TLC (M280CS3040HS-2TB-RB)
29.01.2022;10:15:02;9019221;239,76;2TB Gigabyte AORUS Gen4 SSD M.2 PCIe 4.0 x4 3D-NAND TLC (GP-AG42TB)
29.01.2022;20:15:03;9019221;239,76;2TB Gigabyte AORUS Gen4 SSD M.2 PCIe 4.0 x4 3D-NAND TLC (GP-AG42TB)
30.01.2022;08:15:03;9019221;237,4;2TB Gigabyte AORUS Gen4 SSD M.2 PCIe 4.0 x4 3D-NAND TLC (GP-AG42TB)
30.01.2022;20:15:02;9019221;237,81;2TB Gigabyte AORUS Gen4 SSD M.2 PCIe 4.0 x4 3D-NAND TLC (GP-AG42TB)
31.01.2022;08:15:03;9019221;237,4;2TB Gigabyte AORUS Gen4 SSD M.2 PCIe 4.0 x4 3D-NAND TLC (GP-AG42TB)
31.01.2022;20:15:04;9019221;236,19;2TB Gigabyte AORUS Gen4 SSD M.2 PCIe 4.0 x4 3D-NAND TLC (GP-AG42TB)
01.02.2022;08:15:02;9019221;236,19;2TB Gigabyte AORUS Gen4 SSD M.2 PCIe 4.0 x4 3D-NAND TLC (GP-AG42TB)
01.02.2022;20:15:04;9019221;236,17;2TB Gigabyte AORUS Gen4 SSD M.2 PCIe 4.0 x4 3D-NAND TLC (GP-AG42TB)
02.02.2022;08:15:04;9019221;236,17;2TB Gigabyte AORUS Gen4 SSD M.2 PCIe 4.0 x4 3D-NAND TLC (GP-AG42TB)
03.02.2022;08:15:03;9019221;232,67;2TB Gigabyte AORUS Gen4 SSD M.2 PCIe 4.0 x4 3D-NAND TLC (GP-AG42TB)
03.02.2022;12:15:04;9019221;232,67;2TB Gigabyte AORUS Gen4 SSD M.2 PCIe 4.0 x4 3D-NAND TLC (GP-AG42TB)
03.02.2022;18:15:02;9019221;232,67;2TB Gigabyte AORUS Gen4 SSD M.2 PCIe 4.0 x4 3D-NAND TLC (GP-AG42TB)
27.01.2022;15:11:23;9019428;213,9;2TB Corsair MP400R2 M.2 PCIe 3.0 x4 3D-NAND QLC (CSSD-F2000GBMP400R2)
27.01.2022;18:15:03;9019428;213,9;2TB Corsair MP400R2 M.2 PCIe 3.0 x4 3D-NAND QLC (CSSD-F2000GBMP400R2)
28.01.2022;10:15:04;9019428;213,9;2TB Corsair MP400R2 M.2 PCIe 3.0 x4 3D-NAND QLC (CSSD-F2000GBMP400R2)
28.01.2022;18:15:04;9019428;213,9;2TB Corsair MP400R2 M.2 PCIe 3.0 x4 3D-NAND QLC (CSSD-F2000GBMP400R2)
29.01.2022;10:15:02;9019428;213,9;2TB Corsair MP400R2 M.2 PCIe 3.0 x4 3D-NAND QLC (CSSD-F2000GBMP400R2)
29.01.2022;20:15:03;9019428;213,9;2TB Corsair MP400R2 M.2 PCIe 3.0 x4 3D-NAND QLC (CSSD-F2000GBMP400R2)
30.01.2022;08:15:03;9019428;213,9;2TB Corsair MP400R2 M.2 PCIe 3.0 x4 3D-NAND QLC (CSSD-F2000GBMP400R2)
30.01.2022;20:15:02;9019428;213,9;2TB Corsair MP400R2 M.2 PCIe 3.0 x4 3D-NAND QLC (CSSD-F2000GBMP400R2)
31.01.2022;08:15:03;9019428;213,9;2TB Corsair MP400R2 M.2 PCIe 3.0 x4 3D-NAND QLC (CSSD-F2000GBMP400R2)
31.01.2022;20:15:04;9019428;213,9;2TB Corsair MP400R2 M.2 PCIe 3.0 x4 3D-NAND QLC (CSSD-F2000GBMP400R2)
01.02.2022;08:15:02;9019428;213,9;2TB Corsair MP400R2 M.2 PCIe 3.0 x4 3D-NAND QLC (CSSD-F2000GBMP400R2)
01.02.2022;20:15:04;9019428;213,9;2TB Corsair MP400R2 M.2 PCIe 3.0 x4 3D-NAND QLC (CSSD-F2000GBMP400R2)
02.02.2022;08:15:04;9019428;213,9;2TB Corsair MP400R2 M.2 PCIe 3.0 x4 3D-NAND QLC (CSSD-F2000GBMP400R2)
03.02.2022;08:15:03;9019428;213,9;2TB Corsair MP400R2 M.2 PCIe 3.0 x4 3D-NAND QLC (CSSD-F2000GBMP400R2)
03.02.2022;12:15:04;9019428;213,9;2TB Corsair MP400R2 M.2 PCIe 3.0 x4 3D-NAND QLC (CSSD-F2000GBMP400R2)
03.02.2022;18:15:02;9019428;213,9;2TB Corsair MP400R2 M.2 PCIe 3.0 x4 3D-NAND QLC (CSSD-F2000GBMP400R2)
27.01.2022;15:11:23;9019953;250,95;2TB ADATA XPG Gammix S50 Lite M.2 PCIe 4.0 x4 3D-NAND TLC (AGAMMIXS50L-2T-CS)
27.01.2022;18:15:03;9019953;250,87;2TB ADATA XPG Gammix S50 Lite M.2 PCIe 4.0 x4 3D-NAND TLC (AGAMMIXS50L-2T-CS)
28.01.2022;10:15:04;9019953;250,7;2TB ADATA XPG Gammix S50 Lite M.2 PCIe 4.0 x4 3D-NAND TLC (AGAMMIXS50L-2T-CS)
28.01.2022;18:15:04;9019953;249,61;2TB ADATA XPG Gammix S50 Lite M.2 PCIe 4.0 x4 3D-NAND TLC (AGAMMIXS50L-2T-CS)
29.01.2022;10:15:02;9019953;249,47;2TB ADATA XPG Gammix S50 Lite M.2 PCIe 4.0 x4 3D-NAND TLC (AGAMMIXS50L-2T-CS)
29.01.2022;20:15:03;9019953;249,41;2TB ADATA XPG Gammix S50 Lite M.2 PCIe 4.0 x4 3D-NAND TLC (AGAMMIXS50L-2T-CS)
30.01.2022;08:15:03;9019953;249,37;2TB ADATA XPG Gammix S50 Lite M.2 PCIe 4.0 x4 3D-NAND TLC (AGAMMIXS50L-2T-CS)
30.01.2022;20:15:02;9019953;248,17;2TB ADATA XPG Gammix S50 Lite M.2 PCIe 4.0 x4 3D-NAND TLC (AGAMMIXS50L-2T-CS)
31.01.2022;08:15:03;9019953;248,07;2TB ADATA XPG Gammix S50 Lite M.2 PCIe 4.0 x4 3D-NAND TLC (AGAMMIXS50L-2T-CS)
31.01.2022;20:15:04;9019953;248,84;2TB ADATA XPG Gammix S50 Lite M.2 PCIe 4.0 x4 3D-NAND TLC (AGAMMIXS50L-2T-CS)
01.02.2022;08:15:02;9019953;248,8;2TB ADATA XPG Gammix S50 Lite M.2 PCIe 4.0 x4 3D-NAND TLC (AGAMMIXS50L-2T-CS)
01.02.2022;20:15:04;9019953;248,77;2TB ADATA XPG Gammix S50 Lite M.2 PCIe 4.0 x4 3D-NAND TLC (AGAMMIXS50L-2T-CS)
02.02.2022;08:15:04;9019953;248,77;2TB ADATA XPG Gammix S50 Lite M.2 PCIe 4.0 x4 3D-NAND TLC (AGAMMIXS50L-2T-CS)
03.02.2022;08:15:03;9019953;248,44;2TB ADATA XPG Gammix S50 Lite M.2 PCIe 4.0 x4 3D-NAND TLC (AGAMMIXS50L-2T-CS)
03.02.2022;12:15:04;9019953;248,41;2TB ADATA XPG Gammix S50 Lite M.2 PCIe 4.0 x4 3D-NAND TLC (AGAMMIXS50L-2T-CS)
03.02.2022;18:15:02;9019953;248,35;2TB ADATA XPG Gammix S50 Lite M.2 PCIe 4.0 x4 3D-NAND TLC (AGAMMIXS50L-2T-CS)
27.01.2022;15:11:23;9020577;175,93;2TB TeamGroup T-Force Cardea Zero Z330 M.2 PCIe 3.0 x4 3D-NAND TLC (TM8FP8002T0C311)
27.01.2022;18:15:03;9020577;175,9;2TB TeamGroup T-Force Cardea Zero Z330 M.2 PCIe 3.0 x4 3D-NAND TLC (TM8FP8002T0C311)
28.01.2022;10:15:04;9020577;175,76;2TB TeamGroup T-Force Cardea Zero Z330 M.2 PCIe 3.0 x4 3D-NAND TLC (TM8FP8002T0C311)
28.01.2022;18:15:04;9020577;174,67;2TB TeamGroup T-Force Cardea Zero Z330 M.2 PCIe 3.0 x4 3D-NAND TLC (TM8FP8002T0C311)
29.01.2022;10:15:02;9020577;174,58;2TB TeamGroup T-Force Cardea Zero Z330 M.2 PCIe 3.0 x4 3D-NAND TLC (TM8FP8002T0C311)
29.01.2022;20:15:03;9020577;174,49;2TB TeamGroup T-Force Cardea Zero Z330 M.2 PCIe 3.0 x4 3D-NAND TLC (TM8FP8002T0C311)
30.01.2022;08:15:03;9020577;174,46;2TB TeamGroup T-Force Cardea Zero Z330 M.2 PCIe 3.0 x4 3D-NAND TLC (TM8FP8002T0C311)
30.01.2022;20:15:02;9020577;175,96;2TB TeamGroup T-Force Cardea Zero Z330 M.2 PCIe 3.0 x4 3D-NAND TLC (TM8FP8002T0C311)
31.01.2022;08:15:03;9020577;174,9;2TB TeamGroup T-Force Cardea Zero Z330 M.2 PCIe 3.0 x4 3D-NAND TLC (TM8FP8002T0C311)
31.01.2022;20:15:04;9020577;175,77;2TB TeamGroup T-Force Cardea Zero Z330 M.2 PCIe 3.0 x4 3D-NAND TLC (TM8FP8002T0C311)
01.02.2022;08:15:02;9020577;174,73;2TB TeamGroup T-Force Cardea Zero Z330 M.2 PCIe 3.0 x4 3D-NAND TLC (TM8FP8002T0C311)
01.02.2022;20:15:04;9020577;174,7;2TB TeamGroup T-Force Cardea Zero Z330 M.2 PCIe 3.0 x4 3D-NAND TLC (TM8FP8002T0C311)
02.02.2022;08:15:04;9020577;174,7;2TB TeamGroup T-Force Cardea Zero Z330 M.2 PCIe 3.0 x4 3D-NAND TLC (TM8FP8002T0C311)
03.02.2022;08:15:03;9020577;178,9;2TB TeamGroup T-Force Cardea Zero Z330 M.2 PCIe 3.0 x4 3D-NAND TLC (TM8FP8002T0C311)
03.02.2022;12:15:04;9020577;178,87;2TB TeamGroup T-Force Cardea Zero Z330 M.2 PCIe 3.0 x4 3D-NAND TLC (TM8FP8002T0C311)
03.02.2022;18:15:02;9020577;178,79;2TB TeamGroup T-Force Cardea Zero Z330 M.2 PCIe 3.0 x4 3D-NAND TLC (TM8FP8002T0C311)
27.01.2022;15:11:23;9021184;319,77;2TB Gigabyte AORUS Gen4 7000s SSD M.2 PCIe 4.0 x4 3D-NAND TLC (GP-AG70S2TB)
27.01.2022;18:15:03;9021184;320,67;2TB Gigabyte AORUS Gen4 7000s SSD M.2 PCIe 4.0 x4 3D-NAND TLC (GP-AG70S2TB)
28.01.2022;10:15:04;9021184;322,47;2TB Gigabyte AORUS Gen4 7000s SSD M.2 PCIe 4.0 x4 3D-NAND TLC (GP-AG70S2TB)
28.01.2022;18:15:04;9021184;323,42;2TB Gigabyte AORUS Gen4 7000s SSD M.2 PCIe 4.0 x4 3D-NAND TLC (GP-AG70S2TB)
29.01.2022;10:15:02;9021184;324,87;2TB Gigabyte AORUS Gen4 7000s SSD M.2 PCIe 4.0 x4 3D-NAND TLC (GP-AG70S2TB)
29.01.2022;20:15:03;9021184;324,87;2TB Gigabyte AORUS Gen4 7000s SSD M.2 PCIe 4.0 x4 3D-NAND TLC (GP-AG70S2TB)
30.01.2022;08:15:03;9021184;324,87;2TB Gigabyte AORUS Gen4 7000s SSD M.2 PCIe 4.0 x4 3D-NAND TLC (GP-AG70S2TB)
30.01.2022;20:15:02;9021184;324,87;2TB Gigabyte AORUS Gen4 7000s SSD M.2 PCIe 4.0 x4 3D-NAND TLC (GP-AG70S2TB)
31.01.2022;08:15:03;9021184;324,87;2TB Gigabyte AORUS Gen4 7000s SSD M.2 PCIe 4.0 x4 3D-NAND TLC (GP-AG70S2TB)
31.01.2022;20:15:04;9021184;324,87;2TB Gigabyte AORUS Gen4 7000s SSD M.2 PCIe 4.0 x4 3D-NAND TLC (GP-AG70S2TB)
01.02.2022;08:15:02;9021184;324,87;2TB Gigabyte AORUS Gen4 7000s SSD M.2 PCIe 4.0 x4 3D-NAND TLC (GP-AG70S2TB)
01.02.2022;20:15:04;9021184;324,87;2TB Gigabyte AORUS Gen4 7000s SSD M.2 PCIe 4.0 x4 3D-NAND TLC (GP-AG70S2TB)
02.02.2022;08:15:04;9021184;324,87;2TB Gigabyte AORUS Gen4 7000s SSD M.2 PCIe 4.0 x4 3D-NAND TLC (GP-AG70S2TB)
03.02.2022;08:15:03;9021184;321,47;2TB Gigabyte AORUS Gen4 7000s SSD M.2 PCIe 4.0 x4 3D-NAND TLC (GP-AG70S2TB)
03.02.2022;12:15:04;9021184;321,47;2TB Gigabyte AORUS Gen4 7000s SSD M.2 PCIe 4.0 x4 3D-NAND TLC (GP-AG70S2TB)
03.02.2022;18:15:02;9021184;321,47;2TB Gigabyte AORUS Gen4 7000s SSD M.2 PCIe 4.0 x4 3D-NAND TLC (GP-AG70S2TB)
27.01.2022;15:11:23;9021275;374,38;2TB Patriot Viper VP4300 M.2 PCIe 4.0 x4 3D-NAND TLC (VP4300-2TBM28H)
27.01.2022;18:15:03;9021275;374,38;2TB Patriot Viper VP4300 M.2 PCIe 4.0 x4 3D-NAND TLC (VP4300-2TBM28H)
28.01.2022;10:15:04;9021275;374,38;2TB Patriot Viper VP4300 M.2 PCIe 4.0 x4 3D-NAND TLC (VP4300-2TBM28H)
28.01.2022;18:15:04;9021275;374,38;2TB Patriot Viper VP4300 M.2 PCIe 4.0 x4 3D-NAND TLC (VP4300-2TBM28H)
29.01.2022;10:15:02;9021275;374,38;2TB Patriot Viper VP4300 M.2 PCIe 4.0 x4 3D-NAND TLC (VP4300-2TBM28H)
29.01.2022;20:15:03;9021275;374,38;2TB Patriot Viper VP4300 M.2 PCIe 4.0 x4 3D-NAND TLC (VP4300-2TBM28H)
30.01.2022;08:15:03;9021275;374,38;2TB Patriot Viper VP4300 M.2 PCIe 4.0 x4 3D-NAND TLC (VP4300-2TBM28H)
30.01.2022;20:15:02;9021275;374,38;2TB Patriot Viper VP4300 M.2 PCIe 4.0 x4 3D-NAND TLC (VP4300-2TBM28H)
31.01.2022;08:15:03;9021275;374,38;2TB Patriot Viper VP4300 M.2 PCIe 4.0 x4 3D-NAND TLC (VP4300-2TBM28H)
31.01.2022;20:15:04;9021275;374,38;2TB Patriot Viper VP4300 M.2 PCIe 4.0 x4 3D-NAND TLC (VP4300-2TBM28H)
01.02.2022;08:15:02;9021275;375,56;2TB Patriot Viper VP4300 M.2 PCIe 4.0 x4 3D-NAND TLC (VP4300-2TBM28H)
01.02.2022;20:15:04;9021275;374,38;2TB Patriot Viper VP4300 M.2 PCIe 4.0 x4 3D-NAND TLC (VP4300-2TBM28H)
02.02.2022;08:15:04;9021275;374,38;2TB Patriot Viper VP4300 M.2 PCIe 4.0 x4 3D-NAND TLC (VP4300-2TBM28H)
03.02.2022;08:15:03;9021275;371,22;2TB Patriot Viper VP4300 M.2 PCIe 4.0 x4 3D-NAND TLC (VP4300-2TBM28H)
03.02.2022;12:15:04;9021275;371,22;2TB Patriot Viper VP4300 M.2 PCIe 4.0 x4 3D-NAND TLC (VP4300-2TBM28H)
03.02.2022;18:15:02;9021275;374,38;2TB Patriot Viper VP4300 M.2 PCIe 4.0 x4 3D-NAND TLC (VP4300-2TBM28H)
27.01.2022;15:11:23;9021872;189,41;2TB TeamGroup T-Create Classic M.2 PCIe 3.0 x4 3D-NAND TLC (TM8FPE002T0C611)
27.01.2022;18:15:03;9021872;189,38;2TB TeamGroup T-Create Classic M.2 PCIe 3.0 x4 3D-NAND TLC (TM8FPE002T0C611)
28.01.2022;10:15:04;9021872;189,23;2TB TeamGroup T-Create Classic M.2 PCIe 3.0 x4 3D-NAND TLC (TM8FPE002T0C611)
28.01.2022;18:15:04;9021872;188,14;2TB TeamGroup T-Create Classic M.2 PCIe 3.0 x4 3D-NAND TLC (TM8FPE002T0C611)
29.01.2022;10:15:02;9021872;188,04;2TB TeamGroup T-Create Classic M.2 PCIe 3.0 x4 3D-NAND TLC (TM8FPE002T0C611)
29.01.2022;20:15:03;9021872;184,95;2TB TeamGroup T-Create Classic M.2 PCIe 3.0 x4 3D-NAND TLC (TM8FPE002T0C611)
30.01.2022;08:15:03;9021872;187,87;2TB TeamGroup T-Create Classic M.2 PCIe 3.0 x4 3D-NAND TLC (TM8FPE002T0C611)
30.01.2022;20:15:02;9021872;186,74;2TB TeamGroup T-Create Classic M.2 PCIe 3.0 x4 3D-NAND TLC (TM8FPE002T0C611)
31.01.2022;08:15:03;9021872;185,66;2TB TeamGroup T-Create Classic M.2 PCIe 3.0 x4 3D-NAND TLC (TM8FPE002T0C611)
31.01.2022;20:15:04;9021872;185,54;2TB TeamGroup T-Create Classic M.2 PCIe 3.0 x4 3D-NAND TLC (TM8FPE002T0C611)
01.02.2022;08:15:02;9021872;185,5;2TB TeamGroup T-Create Classic M.2 PCIe 3.0 x4 3D-NAND TLC (TM8FPE002T0C611)
01.02.2022;20:15:04;9021872;185,47;2TB TeamGroup T-Create Classic M.2 PCIe 3.0 x4 3D-NAND TLC (TM8FPE002T0C611)
02.02.2022;08:15:04;9021872;185,47;2TB TeamGroup T-Create Classic M.2 PCIe 3.0 x4 3D-NAND TLC (TM8FPE002T0C611)
03.02.2022;08:15:03;9021872;185,14;2TB TeamGroup T-Create Classic M.2 PCIe 3.0 x4 3D-NAND TLC (TM8FPE002T0C611)
03.02.2022;12:15:04;9021872;185,11;2TB TeamGroup T-Create Classic M.2 PCIe 3.0 x4 3D-NAND TLC (TM8FPE002T0C611)
03.02.2022;18:15:02;9021872;185,06;2TB TeamGroup T-Create Classic M.2 PCIe 3.0 x4 3D-NAND TLC (TM8FPE002T0C611)
27.01.2022;15:11:23;9023309;290,58;2TB WD Blue SN550 NVMe M.2 PCIe 3.0 x4 3D-NAND TLC (WDBA3V0020BNC-WRSN)
27.01.2022;18:15:03;9023309;290,47;2TB WD Blue SN550 NVMe M.2 PCIe 3.0 x4 3D-NAND TLC (WDBA3V0020BNC-WRSN)
28.01.2022;10:15:04;9023309;290,31;2TB WD Blue SN550 NVMe M.2 PCIe 3.0 x4 3D-NAND TLC (WDBA3V0020BNC-WRSN)
28.01.2022;18:15:04;9023309;289,17;2TB WD Blue SN550 NVMe M.2 PCIe 3.0 x4 3D-NAND TLC (WDBA3V0020BNC-WRSN)
29.01.2022;10:15:02;9023309;289,04;2TB WD Blue SN550 NVMe M.2 PCIe 3.0 x4 3D-NAND TLC (WDBA3V0020BNC-WRSN)
29.01.2022;20:15:03;9023309;288,09;2TB WD Blue SN550 NVMe M.2 PCIe 3.0 x4 3D-NAND TLC (WDBA3V0020BNC-WRSN)
30.01.2022;08:15:03;9023309;288,84;2TB WD Blue SN550 NVMe M.2 PCIe 3.0 x4 3D-NAND TLC (WDBA3V0020BNC-WRSN)
30.01.2022;20:15:02;9023309;286,77;2TB WD Blue SN550 NVMe M.2 PCIe 3.0 x4 3D-NAND TLC (WDBA3V0020BNC-WRSN)
31.01.2022;08:15:03;9023309;287,67;2TB WD Blue SN550 NVMe M.2 PCIe 3.0 x4 3D-NAND TLC (WDBA3V0020BNC-WRSN)
31.01.2022;20:15:04;9023309;289,09;2TB WD Blue SN550 NVMe M.2 PCIe 3.0 x4 3D-NAND TLC (WDBA3V0020BNC-WRSN)
01.02.2022;08:15:02;9023309;290,04;2TB WD Blue SN550 NVMe M.2 PCIe 3.0 x4 3D-NAND TLC (WDBA3V0020BNC-WRSN)
01.02.2022;20:15:04;9023309;287,97;2TB WD Blue SN550 NVMe M.2 PCIe 3.0 x4 3D-NAND TLC (WDBA3V0020BNC-WRSN)
02.02.2022;08:15:04;9023309;287,97;2TB WD Blue SN550 NVMe M.2 PCIe 3.0 x4 3D-NAND TLC (WDBA3V0020BNC-WRSN)
03.02.2022;08:15:03;9023309;289,64;2TB WD Blue SN550 NVMe M.2 PCIe 3.0 x4 3D-NAND TLC (WDBA3V0020BNC-WRSN)
03.02.2022;12:15:04;9023309;289,61;2TB WD Blue SN550 NVMe M.2 PCIe 3.0 x4 3D-NAND TLC (WDBA3V0020BNC-WRSN)
03.02.2022;18:15:02;9023309;289,55;2TB WD Blue SN550 NVMe M.2 PCIe 3.0 x4 3D-NAND TLC (WDBA3V0020BNC-WRSN)
27.01.2022;15:11:23;9024458;231,76;2TB Biwin FA100 M.2 2280 PCIe 3.0 x4 NVMe 3D-NAND TLC (BL.9BWWA.121)
27.01.2022;18:15:03;9024458;231,73;2TB Biwin FA100 M.2 2280 PCIe 3.0 x4 NVMe 3D-NAND TLC (BL.9BWWA.121)
28.01.2022;10:15:04;9024458;230,64;2TB Biwin FA100 M.2 2280 PCIe 3.0 x4 NVMe 3D-NAND TLC (BL.9BWWA.121)
28.01.2022;18:15:04;9024458;237,52;2TB Biwin FA100 M.2 2280 PCIe 3.0 x4 NVMe 3D-NAND TLC (BL.9BWWA.121)
29.01.2022;10:15:02;9024458;235,45;2TB Biwin FA100 M.2 2280 PCIe 3.0 x4 NVMe 3D-NAND TLC (BL.9BWWA.121)
29.01.2022;20:15:03;9024458;232,36;2TB Biwin FA100 M.2 2280 PCIe 3.0 x4 NVMe 3D-NAND TLC (BL.9BWWA.121)
30.01.2022;08:15:03;9024458;235,33;2TB Biwin FA100 M.2 2280 PCIe 3.0 x4 NVMe 3D-NAND TLC (BL.9BWWA.121)
30.01.2022;20:15:02;9024458;234,2;2TB Biwin FA100 M.2 2280 PCIe 3.0 x4 NVMe 3D-NAND TLC (BL.9BWWA.121)
31.01.2022;08:15:03;9024458;233,14;2TB Biwin FA100 M.2 2280 PCIe 3.0 x4 NVMe 3D-NAND TLC (BL.9BWWA.121)
31.01.2022;20:15:04;9024458;233,02;2TB Biwin FA100 M.2 2280 PCIe 3.0 x4 NVMe 3D-NAND TLC (BL.9BWWA.121)
01.02.2022;08:15:02;9024458;232,99;2TB Biwin FA100 M.2 2280 PCIe 3.0 x4 NVMe 3D-NAND TLC (BL.9BWWA.121)
01.02.2022;20:15:04;9024458;232,96;2TB Biwin FA100 M.2 2280 PCIe 3.0 x4 NVMe 3D-NAND TLC (BL.9BWWA.121)
02.02.2022;08:15:04;9024458;232,96;2TB Biwin FA100 M.2 2280 PCIe 3.0 x4 NVMe 3D-NAND TLC (BL.9BWWA.121)
03.02.2022;08:15:03;9024458;232,64;2TB Biwin FA100 M.2 2280 PCIe 3.0 x4 NVMe 3D-NAND TLC (BL.9BWWA.121)
03.02.2022;12:15:04;9024458;232,61;2TB Biwin FA100 M.2 2280 PCIe 3.0 x4 NVMe 3D-NAND TLC (BL.9BWWA.121)
03.02.2022;18:15:02;9024458;232,55;2TB Biwin FA100 M.2 2280 PCIe 3.0 x4 NVMe 3D-NAND TLC (BL.9BWWA.121)
